tissue,mode,sex,week,animal,area,log2
Adrenal,HILIC-pos,Female,0,90245,405815.5165328212,18.630464502658505
Adrenal,HILIC-pos,Female,0,90252,170198.3282476647,17.37685734083408
Adrenal,HILIC-pos,Female,0,90248,311665.04032597644,18.2496368104172
Adrenal,HILIC-pos,Female,0,90266,710864.2990573253,19.43921465627565
Adrenal,HILIC-pos,Female,0,90265,456981.96328563086,18.801777698818864
Adrenal,HILIC-pos,Female,1,90559,203561.52751249232,17.635105396795144
Adrenal,HILIC-pos,Female,1,90560,589130.5521023995,19.168227847032803
Adrenal,HILIC-pos,Female,1,90564,870834.3828339998,19.73203884448572
Adrenal,HILIC-pos,Female,1,90567,223821.20368565217,17.771987190836466
Adrenal,HILIC-pos,Female,1,90571,77729.60644538415,16.24617659126359
Adrenal,HILIC-pos,Female,2,90576,642289.9787735227,19.29286526163878
Adrenal,HILIC-pos,Female,2,90578,422741.8387262982,18.68941737728555
Adrenal,HILIC-pos,Female,2,90581,741007.6903622563,19.499128989693855
Adrenal,HILIC-pos,Female,2,90585,811883.9579650707,19.63091401313804
Adrenal,HILIC-pos,Female,2,90587,787969.3072928975,19.58777990985614
Adrenal,HILIC-pos,Female,4,90406,332291.92901654256,18.342091726512145
Adrenal,HILIC-pos,Female,4,90410,1035301.5767667856,19.98161964616108
Adrenal,HILIC-pos,Female,4,90412,587169.9419543509,19.163418590943337
Adrenal,HILIC-pos,Female,4,90416,1008758.3629875248,19.944149203363157
Adrenal,HILIC-pos,Female,4,90420,523462.97743186314,18.997727978805443
Adrenal,HILIC-pos,Female,8,90251,382653.7476714856,18.545680003774535
Adrenal,HILIC-pos,Female,8,90254,503792.12518620153,18.942469045807087
Adrenal,HILIC-pos,Female,8,90258,453374.61454711686,18.79034408807334
Adrenal,HILIC-pos,Female,8,90259,442599.2189633399,18.75564137971331
Adrenal,HILIC-pos,Female,8,90267,530023.2677385602,19.01569616904512
Adrenal,HILIC-pos,Male,0,90217,143522.50061769036,17.130917406354232
Adrenal,HILIC-pos,Male,0,90232,327877.99851418874,18.322799570741083
Adrenal,HILIC-pos,Male,0,90229,255151.2185813847,17.960993006369428
Adrenal,HILIC-pos,Male,0,90237,96680.4383732026,16.560936394206642
Adrenal,HILIC-pos,Male,0,90239,359177.3538571885,18.45433686541822
Adrenal,HILIC-pos,Male,1,90421,581359.1486695894,19.14907017322017
Adrenal,HILIC-pos,Male,1,90423,238929.3860395553,17.86622477689717
Adrenal,HILIC-pos,Male,1,90426,604165.2944720838,19.20458378705103
Adrenal,HILIC-pos,Male,1,90430,244306.98695658037,17.898335598391828
Adrenal,HILIC-pos,Male,1,90422,92548.13078965964,16.4979162315824
Adrenal,HILIC-pos,Male,2,90439,604675.5447469311,19.20580170683165
Adrenal,HILIC-pos,Male,2,90441,942375.7356126988,19.845942867423208
Adrenal,HILIC-pos,Male,2,90444,557779.5457119375,19.0893355048213
Adrenal,HILIC-pos,Male,2,90449,619344.8822337672,19.240383472453896
Adrenal,HILIC-pos,Male,2,90450,561612.2086242329,19.09921477249059
Adrenal,HILIC-pos,Male,4,90280,391874.5059973497,18.580032193670473
Adrenal,HILIC-pos,Male,4,90283,543141.8131034079,19.05096940607474
Adrenal,HILIC-pos,Male,4,90289,264179.7450081114,18.011160332026254
Adrenal,HILIC-pos,Male,4,90292,445763.5807667395,18.76591922653579
Adrenal,HILIC-pos,Male,4,90281,608296.4091480813,19.214414962257536
Adrenal,HILIC-pos,Male,8,90218,101026.39370662675,16.624372728752242
Adrenal,HILIC-pos,Male,8,90222,181364.97059521693,17.468536310520086
Adrenal,HILIC-pos,Male,8,90225,287278.22217018495,18.13208910441851
Adrenal,HILIC-pos,Male,8,90223,131361.96427473114,17.003188079657143
Adrenal,HILIC-pos,Male,8,90227,332994.26762107445,18.345137816460586
Brown Adipose,RP-neg,Female,0,90248016906,8.771935131835964,3.132895143369852
Brown Adipose,RP-neg,Female,0,90252016906,0.0,
Brown Adipose,RP-neg,Female,0,90265016906,0.0,
Brown Adipose,RP-neg,Female,0,90266016906,0.0,
Brown Adipose,RP-neg,Female,1,90559016906,0.0,
Brown Adipose,RP-neg,Female,1,90560016906,0.0,
Brown Adipose,RP-neg,Female,1,90564016906,1.7533234077453788,0.8100921317030461
Brown Adipose,RP-neg,Female,1,90567016906,0.0,
Brown Adipose,RP-neg,Female,1,90571016906,0.0,
Brown Adipose,RP-neg,Female,2,90576016906,1.8012513465881528,0.8489995089373297
Brown Adipose,RP-neg,Female,2,90578016906,0.0,
Brown Adipose,RP-neg,Female,2,90581016906,0.0,
Brown Adipose,RP-neg,Female,2,90585016906,1.8838110397339056,0.9136542591593637
Brown Adipose,RP-neg,Female,2,90587016906,1.7051120961507331,0.7698665869003541
Brown Adipose,RP-neg,Female,4,90406016906,1.9182269332885933,0.9397734065725484
Brown Adipose,RP-neg,Female,4,90410016906,0.0,
Brown Adipose,RP-neg,Female,4,90412016906,0.0,
Brown Adipose,RP-neg,Female,4,90416016906,0.0,
Brown Adipose,RP-neg,Female,4,90420016906,1.9217044359842617,0.942386462266932
Brown Adipose,RP-neg,Female,8,90251016906,0.0,
Brown Adipose,RP-neg,Female,8,90254016906,0.0,
Brown Adipose,RP-neg,Female,8,90258016906,8.507812042109165,3.0887881610709957
Brown Adipose,RP-neg,Female,8,90267016906,1.791404492441831,0.8410911292569838
Brown Adipose,RP-neg,Male,0,90217016906,0.0,
Brown Adipose,RP-neg,Male,0,90229016906,0.0,
Brown Adipose,RP-neg,Male,0,90232016906,0.0,
Brown Adipose,RP-neg,Male,0,90237016906,0.0,
Brown Adipose,RP-neg,Male,0,90239016906,5.777949598693858,2.530557619265705
Brown Adipose,RP-neg,Male,1,90421016906,0.0,
Brown Adipose,RP-neg,Male,1,90422016906,0.0,
Brown Adipose,RP-neg,Male,1,90423016906,0.0,
Brown Adipose,RP-neg,Male,1,90426016906,3.787764133453357,1.921346496040783
Brown Adipose,RP-neg,Male,1,90430016906,6.1330701496124185,2.616609452514422
Brown Adipose,RP-neg,Male,2,90439016906,1.713738023630795,0.7771465838403385
Brown Adipose,RP-neg,Male,2,90441016906,0.0,
Brown Adipose,RP-neg,Male,2,90444016906,0.0,
Brown Adipose,RP-neg,Male,2,90449016906,0.9497431939443302,-0.07439062661032658
Brown Adipose,RP-neg,Male,2,90450016906,1.8241599967956723,0.8672322736147688
Brown Adipose,RP-neg,Male,4,90280016906,2.495931970214869,1.31957861225658
Brown Adipose,RP-neg,Male,4,90281016906,0.0,
Brown Adipose,RP-neg,Male,4,90283016906,0.0,
Brown Adipose,RP-neg,Male,4,90289016906,0.0,
Brown Adipose,RP-neg,Male,4,90292016906,2.06736361414588,1.0477921566344863
Brown Adipose,RP-neg,Male,8,90222016906,6.460479838307638,2.691641321983928
Brown Adipose,RP-neg,Male,8,90225016906,0.0,
Brown Adipose,RP-neg,Male,8,90227016906,5.682503869120185,2.5065267613499604
Brown Adipose,RP-pos,Female,0,90252016906,0.0,
Brown Adipose,RP-pos,Female,0,90265016906,2.5530222524006736,1.3522061124760114
Brown Adipose,RP-pos,Female,0,90266016906,0.0,
Brown Adipose,RP-pos,Female,1,90559016906,0.0,
Brown Adipose,RP-pos,Female,1,90560016906,0.0,
Brown Adipose,RP-pos,Female,1,90564016906,0.0,
Brown Adipose,RP-pos,Female,1,90567016906,0.0,
Brown Adipose,RP-pos,Female,1,90571016906,0.0,
Brown Adipose,RP-pos,Female,2,90576016906,0.0,
Brown Adipose,RP-pos,Female,2,90578016906,0.0,
Brown Adipose,RP-pos,Female,2,90581016906,0.0,
Brown Adipose,RP-pos,Female,2,90585016906,2.264399300130231,1.1791283828708974
Brown Adipose,RP-pos,Female,2,90587016906,0.0,
Brown Adipose,RP-pos,Female,4,90406016906,0.0,
Brown Adipose,RP-pos,Female,4,90410016906,0.0,
Brown Adipose,RP-pos,Female,4,90412016906,0.0,
Brown Adipose,RP-pos,Female,4,90416016906,0.0,
Brown Adipose,RP-pos,Female,4,90420016906,0.0,
Brown Adipose,RP-pos,Female,8,90251016906,0.0,
Brown Adipose,RP-pos,Female,8,90254016906,0.0,
Brown Adipose,RP-pos,Female,8,90258016906,0.0,
Brown Adipose,RP-pos,Female,8,90267016906,0.0,
Brown Adipose,RP-pos,Male,0,90217016906,0.0,
Brown Adipose,RP-pos,Male,0,90229016906,0.0,
Brown Adipose,RP-pos,Male,0,90232016906,0.0,
Brown Adipose,RP-pos,Male,0,90237016906,0.0,
Brown Adipose,RP-pos,Male,0,90239016906,0.0,
Brown Adipose,RP-pos,Male,1,90421016906,0.0,
Brown Adipose,RP-pos,Male,1,90422016906,0.0,
Brown Adipose,RP-pos,Male,1,90423016906,0.0,
Brown Adipose,RP-pos,Male,1,90426016906,0.0,
Brown Adipose,RP-pos,Male,1,90430016906,4.065314228820795,2.023366869850285
Brown Adipose,RP-pos,Male,2,90439016906,0.0,
Brown Adipose,RP-pos,Male,2,90441016906,2.3326125656128163,1.2219467033419342
Brown Adipose,RP-pos,Male,2,90444016906,0.0,
Brown Adipose,RP-pos,Male,2,90449016906,0.0,
Brown Adipose,RP-pos,Male,2,90450016906,0.0,
Brown Adipose,RP-pos,Male,4,90280016906,0.0,
Brown Adipose,RP-pos,Male,4,90281016906,2.1214620485941778,1.085058870099443
Brown Adipose,RP-pos,Male,4,90283016906,0.0,
Brown Adipose,RP-pos,Male,4,90289016906,1.9357361460368032,0.9528823168964079
Brown Adipose,RP-pos,Male,4,90292016906,0.0,
Brown Adipose,RP-pos,Male,8,90222016906,1.7714550760905126,0.8249348793296476
Brown Adipose,RP-pos,Male,8,90225016906,0.0,
Colon,HILIC-pos,Female,0,90245,52867.07857111705,15.69008198530344
Colon,HILIC-pos,Female,0,90248,252398.8255596416,17.94534567174926
Colon,HILIC-pos,Female,0,90252,49086.3135967234,15.583033203303192
Colon,HILIC-pos,Female,0,90265,34363.39352365993,15.068584895013206
Colon,HILIC-pos,Female,0,90266,70835.72710480414,16.112189569185436
Colon,HILIC-pos,Female,1,90559,232414.40784173005,17.826339981550653
Colon,HILIC-pos,Female,1,90567,38802.798802522666,15.243873095696252
Colon,HILIC-pos,Female,1,90564,32555.019857629955,14.990592398065592
Colon,HILIC-pos,Female,1,90560,29827.87750899276,14.864373701634424
Colon,HILIC-pos,Female,1,90571,35788.66798842687,15.1272152289128
Colon,HILIC-pos,Female,2,90576,44446.45207643383,15.439780640538734
Colon,HILIC-pos,Female,2,90578,67007.72602012566,16.032039828079714
Colon,HILIC-pos,Female,2,90581,39681.670802815286,15.27618515144835
Colon,HILIC-pos,Female,2,90585,30337.18382350882,14.8887995471242
Colon,HILIC-pos,Female,2,90587,24596.69973962114,14.586177134598136
Colon,HILIC-pos,Female,4,90406,34878.81433293557,15.090063377661195
Colon,HILIC-pos,Female,4,90410,192296.6978478775,17.552974463118808
Colon,HILIC-pos,Female,4,90412,231608.67825912416,17.821329785824577
Colon,HILIC-pos,Female,4,90416,233803.19964523456,17.834935148022062
Colon,HILIC-pos,Female,4,90420,29506.190517860137,14.84873004902287
Colon,HILIC-pos,Female,8,90251,66022.3385632681,16.01066662041037
Colon,HILIC-pos,Female,8,90254,287804.657741845,18.134730414835683
Colon,HILIC-pos,Female,8,90258,47253.13224745856,15.528122343340335
Colon,HILIC-pos,Female,8,90259,280578.71261351166,18.098046030893148
Colon,HILIC-pos,Female,8,90267,52204.5733065668,15.671888577105085
Colon,HILIC-pos,Male,0,90217,60024.581844902204,15.873265827653
Colon,HILIC-pos,Male,0,90232,216632.22158004137,17.724888317828288
Colon,HILIC-pos,Male,0,90229,46889.15968450482,15.516966803844676
Colon,HILIC-pos,Male,0,90237,37900.14229990542,15.20991564469997
Colon,HILIC-pos,Male,0,90239,193457.3425388776,17.561655960743906
Colon,HILIC-pos,Male,1,90421,39254.63363318711,15.260575339924657
Colon,HILIC-pos,Male,1,90422,51732.90647109732,15.658794627221912
Colon,HILIC-pos,Male,1,90423,45720.138556428945,15.480542155244668
Colon,HILIC-pos,Male,1,90426,257169.4663004529,17.972359836263298
Colon,HILIC-pos,Male,1,90430,26911.678571229462,14.715944759039978
Colon,HILIC-pos,Male,2,90439,340349.95086122316,18.376659375875946
Colon,HILIC-pos,Male,2,90441,31086.007321470635,14.923977708759184
Colon,HILIC-pos,Male,2,90444,39625.86730622206,15.274154891954606
Colon,HILIC-pos,Male,2,90449,54258.626227935594,15.727564900091553
Colon,HILIC-pos,Male,2,90450,29091.278537613565,14.828299082633976
Colon,HILIC-pos,Male,4,90280,96690.76714260668,16.561090515026983
Colon,HILIC-pos,Male,4,90281,280676.0994941247,18.098546693223653
Colon,HILIC-pos,Male,4,90283,31034.823718132175,14.921600330794812
Colon,HILIC-pos,Male,4,90292,191958.74268549864,17.550436743096697
Colon,HILIC-pos,Male,4,90289,36556.00981116714,15.15782098441464
Colon,HILIC-pos,Male,8,90218,202433.16767931683,17.62708616232571
Colon,HILIC-pos,Male,8,90227,75740.71789620077,16.208781475189266
Colon,HILIC-pos,Male,8,90222,50777.65110957796,15.6319060393844
Colon,HILIC-pos,Male,8,90223,209758.1039079298,17.678367024038415
Colon,HILIC-pos,Male,8,90225,43287.21997609104,15.40165352924515
Cortex,HILIC-pos,Female,0,90248,33867.88998893784,15.047630487511745
Cortex,HILIC-pos,Female,0,90252,50608.05908778542,15.627079524946836
Cortex,HILIC-pos,Female,0,90245,76548.72364691527,16.22409070236116
Cortex,HILIC-pos,Female,0,90265,33316.57598937444,15.02395251923918
Cortex,HILIC-pos,Female,0,90266,30860.23282172123,14.913461325757371
Cortex,HILIC-pos,Female,1,90559,35724.431819904734,15.12462344567462
Cortex,HILIC-pos,Female,1,90560,50972.04871572163,15.637418720091391
Cortex,HILIC-pos,Female,1,90567,32478.163391626847,14.987182431385698
Cortex,HILIC-pos,Female,1,90564,146562.3977051686,17.161155485120364
Cortex,HILIC-pos,Female,1,90571,29884.838210267662,14.867126111910547
Cortex,HILIC-pos,Female,2,90576,481014.7723193075,18.87572167534388
Cortex,HILIC-pos,Female,2,90578,29765.38395471155,14.861347883893153
Cortex,HILIC-pos,Female,2,90581,28195.815434621887,14.783193446440215
Cortex,HILIC-pos,Female,2,90587,35567.184027637355,15.11825913550156
Cortex,HILIC-pos,Female,2,90585,30452.47378105877,14.894271808558004
Cortex,HILIC-pos,Female,4,90406,152880.01760302353,17.222040323980682
Cortex,HILIC-pos,Female,4,90410,50456.996735364766,15.622766717374962
Cortex,HILIC-pos,Female,4,90412,109930.92564683022,16.746237775201013
Cortex,HILIC-pos,Female,4,90416,57509.68995397802,15.811517439445613
Cortex,HILIC-pos,Female,4,90420,134131.19752689046,17.033285306628265
Cortex,HILIC-pos,Female,8,90251,150700.71559467632,17.201326741952773
Cortex,HILIC-pos,Female,8,90254,40634.69405273277,15.31042441149315
Cortex,HILIC-pos,Female,8,90258,68509.25945541667,16.064011370069665
Cortex,HILIC-pos,Female,8,90259,45098.270214934426,15.460784478214254
Cortex,HILIC-pos,Female,8,90267,140072.37399232836,17.09581292032451
Cortex,HILIC-pos,Male,0,90217,35098.4469621838,15.099119575050077
Cortex,HILIC-pos,Male,0,90229,52375.77866040108,15.676612166784324
Cortex,HILIC-pos,Male,0,90232,94940.0861270282,16.534729738090547
Cortex,HILIC-pos,Male,0,90237,106928.13511485004,16.706281981845954
Cortex,HILIC-pos,Male,0,90239,121950.93413862635,16.895941283591835
Cortex,HILIC-pos,Male,1,90421,78198.32352974989,16.254850057910183
Cortex,HILIC-pos,Male,1,90422,48328.2794617532,15.560580013748556
Cortex,HILIC-pos,Male,1,90423,82715.93660199546,16.3358776949395
Cortex,HILIC-pos,Male,1,90426,339481.7076220799,18.372974313902706
Cortex,HILIC-pos,Male,1,90430,41143.10688238732,15.328363121262829
Cortex,HILIC-pos,Male,2,90444,32516.425282200576,14.988881041909709
Cortex,HILIC-pos,Male,2,90439,107981.82532355373,16.720428983843394
Cortex,HILIC-pos,Male,2,90441,36719.250418324154,15.16424898762567
Cortex,HILIC-pos,Male,2,90449,84585.82927212323,16.368128367348096
Cortex,HILIC-pos,Male,2,90450,99531.86027971956,16.602870787719226
Cortex,HILIC-pos,Male,4,90281,48307.28109347672,15.559953034568592
Cortex,HILIC-pos,Male,4,90280,272963.47775513853,18.058348407316913
Cortex,HILIC-pos,Male,4,90283,44507.156033423766,15.441749696390824
Cortex,HILIC-pos,Male,4,90289,83948.43608366008,16.357215828292883
Cortex,HILIC-pos,Male,4,90292,224581.730929289,17.77688104790236
Cortex,HILIC-pos,Male,8,90218,58635.60596841442,15.83948937447586
Cortex,HILIC-pos,Male,8,90222,160674.65842813192,17.293782879846574
Cortex,HILIC-pos,Male,8,90227,122676.3242402825,16.904497319224465
Cortex,HILIC-pos,Male,8,90223,268136.8133854225,18.03260977970493
Cortex,HILIC-pos,Male,8,90225,89609.21569689385,16.451359490811246
Gastrocnemius,RP-neg,Female,0,90245015509,0.0,
Gastrocnemius,RP-neg,Female,0,90248015509,2.1051015551248833,1.0738898340236993
Gastrocnemius,RP-neg,Female,0,90252015509,0.0,
Gastrocnemius,RP-neg,Female,0,90265015509,0.0,
Gastrocnemius,RP-neg,Female,0,90266015509,0.0,
Gastrocnemius,RP-neg,Female,1,90559015509,0.0,
Gastrocnemius,RP-neg,Female,1,90560015509,3.281314231618257,1.714273758650549
Gastrocnemius,RP-neg,Female,1,90564015509,0.0,
Gastrocnemius,RP-neg,Female,1,90567015509,3.1420588999430654,1.6517102251449391
Gastrocnemius,RP-neg,Female,1,90571015509,2.2541428054809796,1.1725789166782778
Gastrocnemius,RP-neg,Female,2,90576015509,0.9019019293467536,-0.14895752807770735
Gastrocnemius,RP-neg,Female,2,90578015509,2.7716185058594025,1.470728694134213
Gastrocnemius,RP-neg,Female,2,90581015509,0.0,
Gastrocnemius,RP-neg,Female,2,90585015509,0.0,
Gastrocnemius,RP-neg,Female,2,90587015509,0.0,
Gastrocnemius,RP-neg,Female,4,90406015509,3.110876222228952,1.6373209930307573
Gastrocnemius,RP-neg,Female,4,90410015509,2.0569310357411776,1.0404934243625579
Gastrocnemius,RP-neg,Female,4,90412015509,4.326080865478559,2.113060633199687
Gastrocnemius,RP-neg,Female,4,90416015509,0.0,
Gastrocnemius,RP-neg,Female,4,90420015509,0.0,
Gastrocnemius,RP-neg,Female,8,90251015509,0.0,
Gastrocnemius,RP-neg,Female,8,90254015509,1.2737866615295197,0.3491236699598227
Gastrocnemius,RP-neg,Female,8,90258015509,0.0,
Gastrocnemius,RP-neg,Female,8,90259015509,0.0,
Gastrocnemius,RP-neg,Female,8,90267015509,3.3766339248657564,1.755585779165232
Gastrocnemius,RP-neg,Male,0,90217015509,0.0,
Gastrocnemius,RP-neg,Male,0,90229015509,0.0,
Gastrocnemius,RP-neg,Male,0,90232015509,0.0,
Gastrocnemius,RP-neg,Male,0,90237015509,3.619284248352087,1.8557044173496084
Gastrocnemius,RP-neg,Male,0,90239015509,0.0,
Gastrocnemius,RP-neg,Male,1,90421015509,0.0,
Gastrocnemius,RP-neg,Male,1,90422015509,1.7368111391703462,0.7964408839297459
Gastrocnemius,RP-neg,Male,1,90423015509,3.3211433725992285,1.731680004825919
Gastrocnemius,RP-neg,Male,1,90426015509,0.0,
Gastrocnemius,RP-neg,Male,1,90430015509,0.0,
Gastrocnemius,RP-neg,Male,2,90439015509,0.0,
Gastrocnemius,RP-neg,Male,2,90441015509,5.820160679880749,2.5410589828358314
Gastrocnemius,RP-neg,Male,2,90444015509,0.0,
Gastrocnemius,RP-neg,Male,2,90449015509,0.0,
Gastrocnemius,RP-neg,Male,2,90450015509,0.0,
Gastrocnemius,RP-neg,Male,4,90280015509,2.374248436482708,1.2474709035260954
Gastrocnemius,RP-neg,Male,4,90281015509,1.941639893086719,0.9572756556325461
Gastrocnemius,RP-neg,Male,4,90283015509,0.0,
Gastrocnemius,RP-neg,Male,4,90289015509,0.8914805252075046,-0.16572481301402994
Gastrocnemius,RP-neg,Male,4,90292015509,0.0,
Gastrocnemius,RP-neg,Male,8,90218015509,0.0,
Gastrocnemius,RP-neg,Male,8,90222015509,0.0,
Gastrocnemius,RP-neg,Male,8,90223015509,0.0,
Gastrocnemius,RP-neg,Male,8,90225015509,0.0,
Gastrocnemius,RP-neg,Male,8,90227015509,0.0,
Gastrocnemius,RP-pos,Female,0,90245015509,0.0,
Gastrocnemius,RP-pos,Female,0,90248015509,7.355809943644207,2.8788842044773917
Gastrocnemius,RP-pos,Female,0,90252015509,5.31387750244142,2.409764970647905
Gastrocnemius,RP-pos,Female,0,90265015509,0.0,
Gastrocnemius,RP-pos,Female,0,90266015509,0.0,
Gastrocnemius,RP-pos,Female,1,90559015509,5.549965369669652,2.4724787694516213
Gastrocnemius,RP-pos,Female,1,90560015509,2.7017539881387895,1.4338963140971497
Gastrocnemius,RP-pos,Female,1,90564015509,7.049569992319733,2.8175352590904303
Gastrocnemius,RP-pos,Female,1,90567015509,5.910904337565163,2.5633788721135664
Gastrocnemius,RP-pos,Female,1,90571015509,2.5286803680420173,1.3383846880159451
Gastrocnemius,RP-pos,Female,2,90576015509,0.0,
Gastrocnemius,RP-pos,Female,2,90578015509,3.400741040039006,1.7658491517453643
Gastrocnemius,RP-pos,Female,2,90581015509,4.747202623240165,2.247077629144866
Gastrocnemius,RP-pos,Female,2,90585015509,2.264473918660444,1.1791759230771721
Gastrocnemius,RP-pos,Female,2,90587015509,1.890213385772724,0.9185491091653205
Gastrocnemius,RP-pos,Female,4,90406015509,7.914897424570679,2.98457065345505
Gastrocnemius,RP-pos,Female,4,90410015509,2.110099600728374,1.077311098499066
Gastrocnemius,RP-pos,Female,4,90412015509,2.955369936116487,1.5633387299277672
Gastrocnemius,RP-pos,Female,4,90416015509,7.427246526591011,2.892827465315482
Gastrocnemius,RP-pos,Female,4,90420015509,2.558569353485116,1.3553373400796165
Gastrocnemius,RP-pos,Female,8,90251015509,0.0,
Gastrocnemius,RP-pos,Female,8,90254015509,3.863009814707421,1.9497253430142492
Gastrocnemius,RP-pos,Female,8,90258015509,10.94744580574038,3.4525224027749233
Gastrocnemius,RP-pos,Female,8,90259015509,1.8238205332438335,0.866963773067586
Gastrocnemius,RP-pos,Female,8,90267015509,0.0,
Gastrocnemius,RP-pos,Male,0,90217015509,7.847807477823906,2.972289649840081
Gastrocnemius,RP-pos,Male,0,90229015509,11.098380151240002,3.4722772202638486
Gastrocnemius,RP-pos,Male,0,90232015509,5.253322828928682,2.3932302441887345
Gastrocnemius,RP-pos,Male,0,90237015509,10.533837005615128,3.3969591362518816
Gastrocnemius,RP-pos,Male,0,90239015509,7.019371234130929,2.811341805739542
Gastrocnemius,RP-pos,Male,1,90421015509,3.382741730753524,1.7581930328857522
Gastrocnemius,RP-pos,Male,1,90422015509,8.18093656921386,3.032266015100311
Gastrocnemius,RP-pos,Male,1,90423015509,3.581220549265484,1.8404513696871085
Gastrocnemius,RP-pos,Male,1,90426015509,0.0,
Gastrocnemius,RP-pos,Male,1,90430015509,1.9794746604919105,0.9851175993626321
Gastrocnemius,RP-pos,Male,2,90439015509,0.0,
Gastrocnemius,RP-pos,Male,2,90441015509,4.680435509490936,2.226642777276685
Gastrocnemius,RP-pos,Male,2,90444015509,1.7524468938191906,0.8093707254429917
Gastrocnemius,RP-pos,Male,2,90449015509,0.0,
Gastrocnemius,RP-pos,Male,2,90450015509,0.0,
Gastrocnemius,RP-pos,Male,4,90280015509,2.5095393348693937,1.3274225592778428
Gastrocnemius,RP-pos,Male,4,90281015509,2.7709756189982375,1.4703940170246426
Gastrocnemius,RP-pos,Male,4,90283015509,4.455656541697215,2.1556380287534878
Gastrocnemius,RP-pos,Male,4,90289015509,1.8149901662190937,0.8599617315899625
Gastrocnemius,RP-pos,Male,4,90292015509,7.663008488718729,2.937910903852428
Gastrocnemius,RP-pos,Male,8,90218015509,0.0,
Gastrocnemius,RP-pos,Male,8,90222015509,1.932238846588154,0.9502734386303213
Gastrocnemius,RP-pos,Male,8,90223015509,6.841088529968248,2.774225899941703
Gastrocnemius,RP-pos,Male,8,90225015509,4.70836906127927,2.235227409163382
Gastrocnemius,RP-pos,Male,8,90227015509,7.460395896148599,2.899252191104561
Heart,RP-neg,Female,0,90245015807,9.295241955057817,3.2164924189714252
Heart,RP-neg,Female,0,90248015807,8.180926169331798,3.032264181096626
Heart,RP-neg,Female,0,90252015807,6.168090807596815,2.6248240049911504
Heart,RP-neg,Female,0,90265015807,3.80491823806764,1.9278654527296868
Heart,RP-neg,Female,0,90266015807,2.766305869547554,1.4679606836332433
Heart,RP-neg,Female,1,90559015807,11.072920608011913,3.4689638943294123
Heart,RP-neg,Female,1,90560015807,14.482239379374176,3.856212797565468
Heart,RP-neg,Female,1,90564015807,0.0,
Heart,RP-neg,Female,1,90567015807,15.173866178385468,3.9235168143381647
Heart,RP-neg,Female,1,90571015807,0.0,
Heart,RP-neg,Female,2,90576015807,16.35044117787675,4.031257658839945
Heart,RP-neg,Female,2,90578015807,4.5695725509642795,2.1920592183586223
Heart,RP-neg,Female,2,90581015807,6.639882835642506,2.7311577846552044
Heart,RP-neg,Female,2,90585015807,6.381009961446191,2.6737847862243806
Heart,RP-neg,Female,2,90587015807,3.558358725992874,1.8312119592063372
Heart,RP-neg,Female,4,90406015807,5.772132398986809,2.529104392201079
Heart,RP-neg,Female,4,90410015807,5.917891576131244,2.565083264627357
Heart,RP-neg,Female,4,90412015807,9.295359147898266,3.216510608112143
Heart,RP-neg,Female,4,90416015807,2.492953066508,1.3178557222383456
Heart,RP-neg,Female,4,90420015807,0.0,
Heart,RP-neg,Female,8,90251015807,4.096709848531129,2.0344657168580786
Heart,RP-neg,Female,8,90254015807,10.221047052002035,3.353471089534317
Heart,RP-neg,Female,8,90258015807,2.102389019266785,1.0720296456269873
Heart,RP-neg,Female,8,90259015807,0.0,
Heart,RP-neg,Female,8,90267015807,10.836098239135715,3.437773472948516
Heart,RP-neg,Male,0,90217015807,8.767124013265061,3.132103655409176
Heart,RP-neg,Male,0,90229015807,8.969556945673675,3.1650367244906086
Heart,RP-neg,Male,0,90232015807,4.582534094238327,2.1961456145143323
Heart,RP-neg,Male,0,90237015807,2.4353191027323486,1.2841108227252356
Heart,RP-neg,Male,0,90239015807,3.5355830693562234,1.8219481561669324
Heart,RP-neg,Male,1,90421015807,0.0,
Heart,RP-neg,Male,1,90422015807,0.0,
Heart,RP-neg,Male,1,90423015807,0.0,
Heart,RP-neg,Male,1,90426015807,12.218198206075018,3.610959644297853
Heart,RP-neg,Male,1,90430015807,4.191776530202244,2.067561806722063
Heart,RP-neg,Male,2,90439015807,10.137542559814555,3.341636066119505
Heart,RP-neg,Male,2,90441015807,4.860091930643702,2.2809836032609763
Heart,RP-neg,Male,2,90444015807,2.7830178822834823,1.476650178737366
Heart,RP-neg,Male,2,90449015807,5.853607074483181,2.5493259075642474
Heart,RP-neg,Male,2,90450015807,11.161375545756018,3.480442933053536
Heart,RP-neg,Male,4,90280015807,8.529722494252457,3.0924988057078897
Heart,RP-neg,Male,4,90281015807,8.61744863230392,3.1072607938662586
Heart,RP-neg,Male,4,90283015807,6.531372898864637,2.707386279091697
Heart,RP-neg,Male,4,90289015807,2.015818072509732,1.0113654415504176
Heart,RP-neg,Male,4,90292015807,5.44717301432288,2.4455076911074083
Heart,RP-neg,Male,8,90218015807,11.802145930989456,3.5609772970609677
Heart,RP-neg,Male,8,90222015807,18.18980993372579,4.185058563159673
Heart,RP-neg,Male,8,90223015807,5.731745103200314,2.5189744528440254
Heart,RP-neg,Male,8,90225015807,2.5965453435262136,1.3765934194596816
Heart,RP-neg,Male,8,90227015807,10.235666815439885,3.35553318650046
Heart,RP-pos,Female,0,90245015807,0.0,
Heart,RP-pos,Female,0,90248015807,1.79816073239645,0.8465219849608518
Heart,RP-pos,Female,0,90252015807,3.3781463460286485,1.7562318290618675
Heart,RP-pos,Female,0,90265015807,3.9125812159220343,1.968120699289184
Heart,RP-pos,Female,0,90266015807,4.137644330596912,2.048809637334885
Heart,RP-pos,Female,1,90559015807,1.8311377264658673,0.8727403055081332
Heart,RP-pos,Female,1,90560015807,3.788523833846982,1.9216358240068918
Heart,RP-pos,Female,1,90564015807,4.312687093098886,2.1085870451679805
Heart,RP-pos,Female,1,90567015807,3.6565513314564297,1.8704836150321926
Heart,RP-pos,Female,1,90571015807,2.0120126543681027,1.0086393788694323
Heart,RP-pos,Female,2,90576015807,5.232663521321586,2.387545491567189
Heart,RP-pos,Female,2,90578015807,6.524351015981104,2.7058344024348884
Heart,RP-pos,Female,2,90581015807,10.855738299560588,3.440385941972964
Heart,RP-pos,Female,2,90585015807,6.306524617767285,2.6568451877773427
Heart,RP-pos,Female,2,90587015807,15.601738766733828,3.963634916946426
Heart,RP-pos,Female,4,90406015807,0.0,
Heart,RP-pos,Female,4,90410015807,2.508205957031275,1.3266558174334253
Heart,RP-pos,Female,4,90412015807,0.0,
Heart,RP-pos,Female,4,90416015807,1.696497716776547,0.7625594884058777
Heart,RP-pos,Female,4,90420015807,3.85363199132286,1.9462188057687055
Heart,RP-pos,Female,8,90251015807,2.3640301645914796,1.2412484441571097
Heart,RP-pos,Female,8,90254015807,5.813693905131,2.539455114615765
Heart,RP-pos,Female,8,90258015807,2.43027396062216,1.2811189555399847
Heart,RP-pos,Female,8,90259015807,5.734397863260851,2.5196420049342936
Heart,RP-pos,Female,8,90267015807,4.702408763122653,2.2333999526230244
Heart,RP-pos,Male,0,90217015807,2.0459242383320784,1.032752722304008
Heart,RP-pos,Male,0,90229015807,3.203143811543789,1.6794885722441757
Heart,RP-pos,Male,0,90232015807,4.0477081896464435,2.0171052859499916
Heart,RP-pos,Male,0,90237015807,1.0848757659911927,0.11752984262335475
Heart,RP-pos,Male,0,90239015807,3.9375377171834103,1.9772937429622268
Heart,RP-pos,Male,1,90421015807,2.407699619038924,1.267655414874048
Heart,RP-pos,Male,1,90422015807,2.1877023646037,1.1294164738167123
Heart,RP-pos,Male,1,90423015807,0.0,
Heart,RP-pos,Male,1,90426015807,2.934920905558219,1.5533216240520247
Heart,RP-pos,Male,1,90430015807,0.0,
Heart,RP-pos,Male,2,90439015807,15.93651307411202,3.994264095546143
Heart,RP-pos,Male,2,90441015807,5.7523133669535635,2.5241422711588863
Heart,RP-pos,Male,2,90444015807,6.918961849466903,2.7905555859857833
Heart,RP-pos,Male,2,90449015807,0.0,
Heart,RP-pos,Male,2,90450015807,4.964063930002879,2.3115216954247986
Heart,RP-pos,Male,4,90280015807,2.1330552047729134,1.092921303991421
Heart,RP-pos,Male,4,90281015807,6.572870129013051,2.7165234796362614
Heart,RP-pos,Male,4,90283015807,2.1457624359131073,1.101490359644365
Heart,RP-pos,Male,4,90289015807,2.962416311136911,1.5667743981583502
Heart,RP-pos,Male,4,90292015807,4.296211879984581,2.1030651457128036
Heart,RP-pos,Male,8,90218015807,8.960046529897081,3.163506224278133
Heart,RP-pos,Male,8,90222015807,3.531184129333437,1.8201520506501354
Heart,RP-pos,Male,8,90223015807,3.211777480061881,1.6833719428141969
Heart,RP-pos,Male,8,90225015807,7.865768790562956,2.9755877797704438
Heart,RP-pos,Male,8,90227015807,0.0,
Hippocampus,RP-neg,Female,0,90245015206,52.95670900675444,5.7267415635740155
Hippocampus,RP-neg,Female,0,90248015206,45.52483816172277,5.508581983397658
Hippocampus,RP-neg,Female,0,90252015206,38.47006170399993,5.265664238532374
Hippocampus,RP-neg,Female,0,90265015206,49.29705612386061,5.623429590530764
Hippocampus,RP-neg,Female,0,90266015206,34.07379005508443,5.090590523377231
Hippocampus,RP-neg,Female,1,90559015206,36.7935569310506,5.2013812471085075
Hippocampus,RP-neg,Female,1,90560015206,56.25796602274568,5.8139854886003475
Hippocampus,RP-neg,Female,1,90564015206,53.96188840243036,5.753868931334232
Hippocampus,RP-neg,Female,1,90567015206,32.862104037475476,5.038352948494104
Hippocampus,RP-neg,Female,1,90571015206,34.286296553039534,5.099560174339862
Hippocampus,RP-neg,Female,2,90576015206,61.646861975606235,5.9459555535470425
Hippocampus,RP-neg,Female,2,90578015206,36.77969831568402,5.200837741025152
Hippocampus,RP-neg,Female,2,90581015206,47.17326834716822,5.559897654730981
Hippocampus,RP-neg,Female,2,90585015206,41.090086828104695,5.360718473977592
Hippocampus,RP-neg,Female,2,90587015206,39.1068542966208,5.289349587153889
Hippocampus,RP-neg,Female,4,90410015206,40.82654991505934,5.351435751337535
Hippocampus,RP-neg,Female,4,90412015206,30.33502434450788,4.92291256405238
Hippocampus,RP-neg,Female,4,90416015206,28.52353228403724,4.834080747535641
Hippocampus,RP-neg,Female,4,90420015206,30.557881011199793,4.933472600282468
Hippocampus,RP-neg,Female,8,90251015206,30.541179163614927,4.932683859073828
Hippocampus,RP-neg,Female,8,90254015206,37.08266561075859,5.212673047728915
Hippocampus,RP-neg,Female,8,90258015206,30.556059022521836,4.933386578205359
Hippocampus,RP-neg,Female,8,90259015206,29.806040449015335,4.897532829693689
Hippocampus,RP-neg,Female,8,90267015206,39.899693607584624,5.318305762825825
Hippocampus,RP-neg,Male,0,90217015206,47.34764597473138,5.565220794604164
Hippocampus,RP-neg,Male,0,90229015206,48.65852125854492,5.604620572060941
Hippocampus,RP-neg,Male,0,90232015206,35.11134444681815,5.133865334330802
Hippocampus,RP-neg,Male,0,90237015206,51.920225388081825,5.698224741043408
Hippocampus,RP-neg,Male,0,90239015206,41.7016398709615,5.382032212062969
Hippocampus,RP-neg,Male,1,90421015206,55.450455720011405,5.79312741212374
Hippocampus,RP-neg,Male,1,90422015206,49.27600762430824,5.622813467520497
Hippocampus,RP-neg,Male,1,90423015206,50.89783502705921,5.669532386509507
Hippocampus,RP-neg,Male,1,90426015206,35.705730513000496,5.158083729904324
Hippocampus,RP-neg,Male,1,90430015206,42.98190933456416,5.42565766621342
Hippocampus,RP-neg,Male,2,90439015206,51.53665187886545,5.687526909254928
Hippocampus,RP-neg,Male,2,90441015206,44.68557614084877,5.48173732029671
Hippocampus,RP-neg,Male,2,90444015206,47.16857916056304,5.559754238708392
Hippocampus,RP-neg,Male,2,90449015206,44.18798602498378,5.465582273142698
Hippocampus,RP-neg,Male,2,90450015206,33.70526804250075,5.07490219326234
Hippocampus,RP-neg,Male,4,90280015206,49.24227496490488,5.621825509934148
Hippocampus,RP-neg,Male,4,90281015206,45.03844450556451,5.493085096753549
Hippocampus,RP-neg,Male,4,90283015206,50.62809969991024,5.661866429323385
Hippocampus,RP-neg,Male,4,90289015206,56.5052724009195,5.82031358386256
Hippocampus,RP-neg,Male,4,90292015206,42.2974161707561,5.402497630774172
Hippocampus,RP-neg,Male,8,90218015206,34.841041006469666,5.1227158253808085
Hippocampus,RP-neg,Male,8,90222015206,53.013444332885776,5.728286371784518
Hippocampus,RP-neg,Male,8,90223015206,45.56876779632567,5.509973454736095
Hippocampus,RP-neg,Male,8,90225015206,43.778177872594256,5.452140003063632
Hippocampus,RP-neg,Male,8,90227015206,45.52561835683183,5.508606707790217
Hippocampus,RP-pos,Female,0,90245015206,3.689486965688043,1.883420219127007
Hippocampus,RP-pos,Female,0,90248015206,0.0,
Hippocampus,RP-pos,Female,0,90252015206,4.666482732645651,2.2223355572086705
Hippocampus,RP-pos,Female,0,90265015206,6.184144705200189,2.6285740778384707
Hippocampus,RP-pos,Female,0,90266015206,4.965831971740699,2.312035446042012
Hippocampus,RP-pos,Female,1,90559015206,2.7831757486978703,1.4767320131500081
Hippocampus,RP-pos,Female,1,90560015206,2.2000509699503215,1.1375369479511857
Hippocampus,RP-pos,Female,1,90564015206,0.0,
Hippocampus,RP-pos,Female,1,90567015206,0.0,
Hippocampus,RP-pos,Female,1,90571015206,6.3283843546549114,2.6618372246076794
Hippocampus,RP-pos,Female,2,90576015206,10.82176427968347,3.435863816792975
Hippocampus,RP-pos,Female,2,90578015206,1.1810454729715787,0.2400645128871696
Hippocampus,RP-pos,Female,2,90581015206,0.0,
Hippocampus,RP-pos,Female,2,90585015206,0.0,
Hippocampus,RP-pos,Female,2,90587015206,3.2303793212890084,1.691703580650373
Hippocampus,RP-pos,Female,4,90410015206,11.239098105367011,3.490454364332364
Hippocampus,RP-pos,Female,4,90412015206,5.985906874084373,2.58156983424167
Hippocampus,RP-pos,Female,4,90416015206,9.475566552734382,3.2442122059100487
Hippocampus,RP-pos,Female,4,90420015206,4.925290632883626,2.300208858020538
Hippocampus,RP-pos,Female,8,90251015206,7.442063380940748,2.8957026773461805
Hippocampus,RP-pos,Female,8,90254015206,0.0,
Hippocampus,RP-pos,Female,8,90258015206,0.0,
Hippocampus,RP-pos,Female,8,90259015206,3.786820868937213,1.9209871778612937
Hippocampus,RP-pos,Female,8,90267015206,4.372764527638751,2.1285456617156084
Hippocampus,RP-pos,Male,0,90217015206,18.57826684773766,4.215544014971705
Hippocampus,RP-pos,Male,0,90229015206,5.119352960968035,2.355961478390934
Hippocampus,RP-pos,Male,0,90232015206,4.852521956888883,2.2787347409189573
Hippocampus,RP-pos,Male,0,90237015206,2.892885449473073,1.5325091975333123
Hippocampus,RP-pos,Male,0,90239015206,7.322607789230309,2.872357524819355
Hippocampus,RP-pos,Male,1,90421015206,9.313187747700944,3.21927506258951
Hippocampus,RP-pos,Male,1,90422015206,2.0625571909586795,1.044434123221991
Hippocampus,RP-pos,Male,1,90423015206,6.366787309010865,2.6705655698821005
Hippocampus,RP-pos,Male,1,90426015206,2.0025915489196313,1.0018681972673618
Hippocampus,RP-pos,Male,1,90430015206,9.951570847574905,3.314924271900879
Hippocampus,RP-pos,Male,2,90439015206,10.281168509928404,3.361932338764971
Hippocampus,RP-pos,Male,2,90441015206,4.879850359090144,2.2868369081347577
Hippocampus,RP-pos,Male,2,90444015206,7.788179656982432,2.9612861643930954
Hippocampus,RP-pos,Male,2,90449015206,6.078743746948204,2.603773202400398
Hippocampus,RP-pos,Male,2,90450015206,2.8478984405517105,1.50989769899922
Hippocampus,RP-pos,Male,4,90280015206,0.0,
Hippocampus,RP-pos,Male,4,90281015206,5.9922461496987935,2.5830968880917027
Hippocampus,RP-pos,Male,4,90283015206,0.0,
Hippocampus,RP-pos,Male,4,90289015206,3.152016666666614,1.6562751632377226
Hippocampus,RP-pos,Male,4,90292015206,8.644961169179238,3.1118594836872955
Hippocampus,RP-pos,Male,8,90218015206,4.863815369923958,2.2820884652225684
Hippocampus,RP-pos,Male,8,90222015206,9.26158421173094,3.211258990345585
Hippocampus,RP-pos,Male,8,90223015206,3.655901896158793,1.8702273570961545
Hippocampus,RP-pos,Male,8,90225015206,9.73348282750444,3.2829561214403045
Hippocampus,RP-pos,Male,8,90227015206,15.506572332763646,3.954807914399433
Hypothalamus,HILIC-pos,Female,0,90245,140299.18410961036,17.098147093626686
Hypothalamus,HILIC-pos,Female,0,90248,238475.6296652206,17.86348231610762
Hypothalamus,HILIC-pos,Female,0,90252,28678.737828313395,14.807693910949704
Hypothalamus,HILIC-pos,Female,0,90265,24769.29804429995,14.596265363097102
Hypothalamus,HILIC-pos,Female,0,90266,135919.51970244516,17.05239313404241
Hypothalamus,HILIC-pos,Female,1,90559,188655.78052138095,17.525396780266068
Hypothalamus,HILIC-pos,Female,1,90560,19137.537100082547,14.224117554089837
Hypothalamus,HILIC-pos,Female,1,90564,41899.743864541386,15.354653804226215
Hypothalamus,HILIC-pos,Female,1,90567,24587.88859287776,14.585660232931245
Hypothalamus,HILIC-pos,Female,1,90571,30188.841980139212,14.881727796833156
Hypothalamus,HILIC-pos,Female,2,90576,55922.36338731743,15.771137712636053
Hypothalamus,HILIC-pos,Female,2,90581,325669.21537307603,18.31304782656963
Hypothalamus,HILIC-pos,Female,2,90578,149679.40777314568,17.191516229921064
Hypothalamus,HILIC-pos,Female,2,90585,22524.297703772943,14.459194503786737
Hypothalamus,HILIC-pos,Female,2,90587,21650.524834162956,14.40211437754841
Hypothalamus,HILIC-pos,Female,4,90406,65327.23484067053,15.995396954447248
Hypothalamus,HILIC-pos,Female,4,90410,36369.57088089362,15.150444283301214
Hypothalamus,HILIC-pos,Female,4,90416,275752.1577714131,18.073012649442724
Hypothalamus,HILIC-pos,Female,4,90412,68193.114942123,16.05733846571563
Hypothalamus,HILIC-pos,Female,4,90420,151139.42833334237,17.2055205455331
Hypothalamus,HILIC-pos,Female,8,90251,25306.63154680683,14.627227869055488
Hypothalamus,HILIC-pos,Female,8,90258,128253.82672043898,16.96864234672713
Hypothalamus,HILIC-pos,Female,8,90254,29943.17153050284,14.869939416877727
Hypothalamus,HILIC-pos,Female,8,90259,203468.82831113244,17.63444826310231
Hypothalamus,HILIC-pos,Female,8,90267,151498.5357665586,17.20894432455396
Hypothalamus,HILIC-pos,Male,0,90232,177248.9377208054,17.43541745564198
Hypothalamus,HILIC-pos,Male,0,90229,168784.7344455488,17.36482490137515
Hypothalamus,HILIC-pos,Male,0,90237,32137.223664882396,14.971957679504754
Hypothalamus,HILIC-pos,Male,1,90421,21696.386970489068,14.405167194857714
Hypothalamus,HILIC-pos,Male,1,90422,245327.4825888505,17.90434933398965
Hypothalamus,HILIC-pos,Male,1,90426,185481.2875163132,17.500914120748373
Hypothalamus,HILIC-pos,Male,1,90423,34424.6093931606,15.071152664127634
Hypothalamus,HILIC-pos,Male,1,90430,168075.4942616083,17.358749866563006
Hypothalamus,HILIC-pos,Male,2,90439,25537.960590759827,14.640355698518244
Hypothalamus,HILIC-pos,Male,2,90441,170369.40246511388,17.378306732092494
Hypothalamus,HILIC-pos,Male,2,90449,167248.7870031719,17.35163622198005
Hypothalamus,HILIC-pos,Male,2,90444,25473.849264942015,14.636729356273872
Hypothalamus,HILIC-pos,Male,2,90450,31878.4853124647,14.960295461697475
Hypothalamus,HILIC-pos,Male,4,90283,43903.840399866654,15.422059521667997
Hypothalamus,HILIC-pos,Male,4,90280,26959.342489242536,14.718497690643533
Hypothalamus,HILIC-pos,Male,4,90281,24982.154251935583,14.608610267807553
Hypothalamus,HILIC-pos,Male,4,90289,58563.58732522013,15.837716308475215
Hypothalamus,HILIC-pos,Male,4,90292,24068.068675266622,14.554832757988155
Hypothalamus,HILIC-pos,Male,8,90218,34655.90698199448,15.08081365535546
Hypothalamus,HILIC-pos,Male,8,90225,34242.61245137992,15.06350515216686
Hypothalamus,HILIC-pos,Male,8,90227,133526.8554859956,17.026770406461992
Kidney,RP-neg,Female,0,90245015906,8.912285226949146,3.155795405133093
Kidney,RP-neg,Female,0,90248015906,4.07442885691329,2.026597840190778
Kidney,RP-neg,Female,0,90252015906,6.264272189585322,2.647146900693045
Kidney,RP-neg,Female,0,90265015906,2.455842276509562,1.2962179083447813
Kidney,RP-neg,Female,0,90266015906,5.353559499613435,2.420498436351152
Kidney,RP-neg,Female,1,90559015906,0.0,
Kidney,RP-neg,Female,1,90560015906,0.0,
Kidney,RP-neg,Female,1,90564015906,5.015889711252898,2.326505626693027
Kidney,RP-neg,Female,1,90567015906,0.0,
Kidney,RP-neg,Female,1,90571015906,0.0,
Kidney,RP-neg,Female,2,90576015906,3.8830032661437865,1.9571729207533342
Kidney,RP-neg,Female,2,90578015906,1.926421012369811,0.9459230334417705
Kidney,RP-neg,Female,2,90581015906,0.0,
Kidney,RP-neg,Female,2,90585015906,2.288642708333295,1.194492254003524
Kidney,RP-neg,Female,2,90587015906,0.0,
Kidney,RP-neg,Female,4,90406015906,4.892413429260239,2.2905463227413105
Kidney,RP-neg,Female,4,90410015906,2.8839363947550556,1.5280393462765978
Kidney,RP-neg,Female,4,90412015906,8.816113870239265,3.140142858093344
Kidney,RP-neg,Female,4,90416015906,4.927591684850047,2.300882714911159
Kidney,RP-neg,Female,4,90420015906,3.198934971109973,1.6775916652229776
Kidney,RP-neg,Female,8,90251015906,0.0,
Kidney,RP-neg,Female,8,90254015906,7.135415738932303,2.834997489550041
Kidney,RP-neg,Female,8,90258015906,3.204934910074816,1.6802950570418826
Kidney,RP-neg,Female,8,90259015906,2.1485839808146374,1.10338616823912
Kidney,RP-neg,Female,8,90267015906,8.358995170084611,3.0633295272028143
Kidney,RP-neg,Male,0,90217015906,6.649275252787239,2.7331971005851927
Kidney,RP-neg,Male,0,90229015906,2.98104815419516,1.5758196800112179
Kidney,RP-neg,Male,0,90232015906,22.16975543975831,4.4705209504424275
Kidney,RP-neg,Male,0,90237015906,9.734550736999466,3.28311439810744
Kidney,RP-neg,Male,0,90239015906,6.8047089508055505,2.766533456481778
Kidney,RP-neg,Male,1,90421015906,6.295796107482973,2.654388819198908
Kidney,RP-neg,Male,1,90422015906,14.531947857157418,3.8611561891531108
Kidney,RP-neg,Male,1,90423015906,9.062673037211082,3.179936636226583
Kidney,RP-neg,Male,1,90426015906,11.62364158732095,3.538990218441624
Kidney,RP-neg,Male,1,90430015906,10.701530985005803,3.41974530146463
Kidney,RP-neg,Male,2,90439015906,2.28319479420976,1.191053950518323
Kidney,RP-neg,Male,2,90441015906,15.907552645365456,3.991639991022452
Kidney,RP-neg,Male,2,90444015906,10.88899781316118,3.4447992742391556
Kidney,RP-neg,Male,2,90449015906,2.5167500325520415,1.3315619329446762
Kidney,RP-neg,Male,2,90450015906,10.115905597178212,3.3385535736640293
Kidney,RP-neg,Male,4,90280015906,4.24210925776168,2.0847817787187912
Kidney,RP-neg,Male,4,90281015906,2.1399536117553355,1.0975795233479682
Kidney,RP-neg,Male,4,90283015906,7.654887611897864,2.9363811964124737
Kidney,RP-neg,Male,4,90289015906,3.036466319274852,1.6023933667889638
Kidney,RP-neg,Male,4,90292015906,0.0,
Kidney,RP-neg,Male,8,90218015906,6.073613962809189,2.602555214129395
Kidney,RP-neg,Male,8,90222015906,3.03080114847822,1.5996991996922392
Kidney,RP-neg,Male,8,90223015906,3.5208983904519853,1.8159435930896413
Kidney,RP-neg,Male,8,90225015906,15.004393558756329,3.907313104762886
Kidney,RP-neg,Male,8,90227015906,12.33261972249348,3.624407387669534
Kidney,RP-pos,Female,0,90245015906,42.00580441640214,5.392516790020824
Kidney,RP-pos,Female,0,90248015906,38.873214709472606,5.280704514466714
Kidney,RP-pos,Female,0,90252015906,19.162002787780793,4.260176452464338
Kidney,RP-pos,Female,0,90265015906,44.614538031005864,5.479441996234623
Kidney,RP-pos,Female,0,90266015906,47.08525322265636,5.557203383307101
Kidney,RP-pos,Female,1,90559015906,0.0,
Kidney,RP-pos,Female,1,90560015906,9.972485736338342,3.3179531548249828
Kidney,RP-pos,Female,1,90564015906,10.191191760253924,3.349250865338484
Kidney,RP-pos,Female,1,90567015906,2.8528088867186647,1.5123831021883394
Kidney,RP-pos,Female,1,90571015906,0.0,
Kidney,RP-pos,Female,2,90576015906,5.1079162497203345,2.352734870556752
Kidney,RP-pos,Female,2,90578015906,6.069540033467671,2.6015871892027156
Kidney,RP-pos,Female,2,90581015906,10.046095520528064,3.3285629925427895
Kidney,RP-pos,Female,2,90585015906,0.0,
Kidney,RP-pos,Female,2,90587015906,0.0,
Kidney,RP-pos,Female,4,90406015906,26.435118902587895,4.724383910722469
Kidney,RP-pos,Female,4,90410015906,31.150354438781783,4.9611766736796135
Kidney,RP-pos,Female,4,90412015906,24.562772467040944,4.618401505705673
Kidney,RP-pos,Female,4,90416015906,24.86801613311746,4.636219514823606
Kidney,RP-pos,Female,4,90420015906,37.38897296295162,5.224540937262724
Kidney,RP-pos,Female,8,90251015906,44.517910841369705,5.476313985646387
Kidney,RP-pos,Female,8,90254015906,25.620765257771737,4.679241662569424
Kidney,RP-pos,Female,8,90258015906,24.63133891296376,4.6224231470275985
Kidney,RP-pos,Female,8,90259015906,53.24662230122857,5.73461810578785
Kidney,RP-pos,Female,8,90267015906,41.13770615030937,5.362389445924833
Kidney,RP-pos,Male,0,90217015906,74.49025365956616,6.218979769900492
Kidney,RP-pos,Male,0,90229015906,83.06061216176354,6.376092599439452
Kidney,RP-pos,Male,0,90232015906,85.27141023050962,6.413990211197432
Kidney,RP-pos,Male,0,90237015906,47.81251501566559,5.579316390662846
Kidney,RP-pos,Male,0,90239015906,46.333231461080224,5.533975399971648
Kidney,RP-pos,Male,1,90421015906,40.25412248942078,5.331064634400003
Kidney,RP-pos,Male,1,90422015906,24.385969697061995,4.607979436517952
Kidney,RP-pos,Male,1,90423015906,52.62827859141036,5.717766301645641
Kidney,RP-pos,Male,1,90426015906,34.32543406880712,5.101206059249713
Kidney,RP-pos,Male,1,90430015906,20.928943593851898,4.387427587065084
Kidney,RP-pos,Male,2,90439015906,4.795793346150636,2.261769493425394
Kidney,RP-pos,Male,2,90441015906,57.470534662881896,5.8447505658790275
Kidney,RP-pos,Male,2,90444015906,46.879981651814965,5.5509000999964835
Kidney,RP-pos,Male,2,90449015906,45.41922857615178,5.50523129765582
Kidney,RP-pos,Male,2,90450015906,70.20006379953995,6.133400436574436
Kidney,RP-pos,Male,4,90280015906,45.437788032023114,5.505820699252289
Kidney,RP-pos,Male,4,90281015906,52.90345650278698,5.725290080298896
Kidney,RP-pos,Male,4,90283015906,34.7596377736411,5.1193411429518
Kidney,RP-pos,Male,4,90289015906,61.89161913045251,5.951672159294049
Kidney,RP-pos,Male,4,90292015906,56.88163050130218,5.829890915020994
Kidney,RP-pos,Male,8,90218015906,61.80287257130945,5.949601990429146
Kidney,RP-pos,Male,8,90222015906,43.14798451741536,5.431221266235043
Kidney,RP-pos,Male,8,90223015906,71.30393736623131,6.155909838623823
Kidney,RP-pos,Male,8,90225015906,68.73243226114937,6.102919108361542
Kidney,RP-pos,Male,8,90227015906,90.32115054626514,6.496991958730991
Liver,RP-neg,Female,0,90245016808,18.09220782063813,4.177296567939368
Liver,RP-neg,Female,0,90248016808,12.193947275288949,3.608093308021312
Liver,RP-neg,Female,0,90252016808,2.696137865066529,1.4308942695770683
Liver,RP-neg,Female,0,90265016808,20.86253041280116,4.3828422475964075
Liver,RP-neg,Female,0,90266016808,10.686586213175277,3.41772915843378
Liver,RP-neg,Female,1,90559016808,21.891021980794285,4.452267403093155
Liver,RP-neg,Female,1,90560016808,16.83336936950692,4.073252070495189
Liver,RP-neg,Female,1,90564016808,8.833341867573962,3.1429593476874036
Liver,RP-neg,Female,1,90567016808,3.577641406504325,1.8390087906922092
Liver,RP-neg,Female,1,90571016808,21.012177621459905,4.393153780024527
Liver,RP-neg,Female,2,90576016808,23.53854253082268,4.556953088643056
Liver,RP-neg,Female,2,90578016808,17.651898606363815,4.141751460404981
Liver,RP-neg,Female,2,90581016808,14.041703762308805,3.811646091805148
Liver,RP-neg,Female,2,90585016808,14.044430227661174,3.811926191448394
Liver,RP-neg,Female,2,90587016808,6.503563029479984,2.701230326850152
Liver,RP-neg,Female,4,90406016808,14.8027329198203,3.887791649517748
Liver,RP-neg,Female,4,90410016808,18.69591057484949,4.224650833525439
Liver,RP-neg,Female,4,90412016808,8.417115264129633,3.073325873763939
Liver,RP-neg,Female,4,90416016808,15.375288770548588,3.9425416015295567
Liver,RP-neg,Female,4,90420016808,24.45233780365005,4.611900497754011
Liver,RP-neg,Female,8,90251016808,30.061408155822715,4.909840685373847
Liver,RP-neg,Female,8,90254016808,18.116156573994903,4.179205008340874
Liver,RP-neg,Female,8,90258016808,24.820468556467823,4.6334584455575625
Liver,RP-neg,Female,8,90259016808,34.08398344726572,5.091022050280291
Liver,RP-neg,Female,8,90267016808,4.789084277343798,2.259749824055042
Liver,RP-neg,Male,0,90217016808,65.63018109944616,6.036287508956181
Liver,RP-neg,Male,0,90229016808,28.94447383270259,4.855216025651762
Liver,RP-neg,Male,0,90232016808,31.21799994354256,4.964306205426662
Liver,RP-neg,Male,0,90237016808,13.462659749857572,3.7508915589853427
Liver,RP-neg,Male,0,90239016808,25.92859791310629,4.696472289566869
Liver,RP-neg,Male,1,90421016808,25.208387980651853,4.655831958951411
Liver,RP-neg,Male,1,90422016808,15.04517867685956,3.9112293351371115
Liver,RP-neg,Male,1,90423016808,15.975931645202737,3.997828160064184
Liver,RP-neg,Male,1,90426016808,11.121139049530116,3.4752326542572756
Liver,RP-neg,Male,1,90430016808,12.309055680847116,3.621648181095102
Liver,RP-neg,Male,2,90439016808,22.014585698445607,4.4603877887455345
Liver,RP-neg,Male,2,90441016808,7.249183617146777,2.8578185319812106
Liver,RP-neg,Male,2,90444016808,4.100813169733751,2.035910016954931
Liver,RP-neg,Male,2,90449016808,8.164400690460262,3.029346988342512
Liver,RP-neg,Male,2,90450016808,7.587155052184932,2.9235590211456044
Liver,RP-neg,Male,4,90280016808,17.67472786102294,4.143616096820188
Liver,RP-neg,Male,4,90281016808,5.896068194071463,2.5597532107762264
Liver,RP-neg,Male,4,90283016808,11.810615387980262,3.562012232700946
Liver,RP-neg,Male,4,90289016808,4.6261194376628065,2.2098025141149207
Liver,RP-neg,Male,4,90292016808,3.756592242431578,1.9094245278116162
Liver,RP-neg,Male,8,90218016808,18.44556413675949,4.205202007794282
Liver,RP-neg,Male,8,90222016808,13.281427964019842,3.7313383624952747
Liver,RP-neg,Male,8,90223016808,34.94482040761309,5.127006727139777
Liver,RP-neg,Male,8,90225016808,26.269379893493745,4.71531023996719
Liver,RP-neg,Male,8,90227016808,29.672083436075734,4.8910343246164505
Liver,RP-pos,Female,0,90245016808,4.730516345214891,2.2419976651765543
Liver,RP-pos,Female,0,90248016808,8.835061647033779,3.143240201280529
Liver,RP-pos,Female,0,90252016808,0.0,
Liver,RP-pos,Female,0,90265016808,7.6081083429972916,2.9275377909923734
Liver,RP-pos,Female,0,90266016808,4.710938498687722,2.2360144977418988
Liver,RP-pos,Female,1,90559016808,4.099665402221721,2.0355061677176014
Liver,RP-pos,Female,1,90560016808,1.778000955073045,0.8302560991276241
Liver,RP-pos,Female,1,90564016808,1.9489352503458857,0.962686160602666
Liver,RP-pos,Female,1,90567016808,0.0,
Liver,RP-pos,Female,1,90571016808,11.889383627573752,3.571602019349205
Liver,RP-pos,Female,2,90576016808,2.3121191192627184,1.209215726706514
Liver,RP-pos,Female,2,90578016808,0.0,
Liver,RP-pos,Female,2,90581016808,2.246178927103701,1.1674728551488045
Liver,RP-pos,Female,2,90585016808,2.67399326985678,1.4189958343331106
Liver,RP-pos,Female,2,90587016808,3.2484946192423827,1.699771315527945
Liver,RP-pos,Female,4,90406016808,6.459731749471019,2.691474255980619
Liver,RP-pos,Female,4,90410016808,0.0,
Liver,RP-pos,Female,4,90412016808,0.9235308336894056,-0.11476796598261804
Liver,RP-pos,Female,4,90416016808,0.0,
Liver,RP-pos,Female,4,90420016808,0.0,
Liver,RP-pos,Female,8,90251016808,4.642828785451223,2.2150040793247947
Liver,RP-pos,Female,8,90254016808,6.247758271280821,2.643338636006975
Liver,RP-pos,Female,8,90258016808,2.521253286234496,1.3341410592670402
Liver,RP-pos,Female,8,90259016808,6.319478226979513,2.659805445993458
Liver,RP-pos,Female,8,90267016808,2.0708614212036336,1.0502310139005109
Liver,RP-pos,Male,0,90217016808,5.102207135009783,2.3511214694196974
Liver,RP-pos,Male,0,90229016808,4.406922175089562,2.1397714192829835
Liver,RP-pos,Male,0,90232016808,1.9778423166911008,0.983927411943431
Liver,RP-pos,Male,0,90237016808,5.451627029927531,2.446686864329508
Liver,RP-pos,Male,0,90239016808,11.575796837615837,3.533039601902795
Liver,RP-pos,Male,1,90421016808,12.401844706726102,3.632482824475742
Liver,RP-pos,Male,1,90422016808,13.75244398473098,3.781616121621528
Liver,RP-pos,Male,1,90423016808,6.624766365051245,2.727869576083882
Liver,RP-pos,Male,1,90426016808,11.184600182596805,3.4834417799929804
Liver,RP-pos,Male,1,90430016808,8.986348432922453,3.1677350014010552
Liver,RP-pos,Male,2,90439016808,1.771815224711118,0.8252281590326397
Liver,RP-pos,Male,2,90441016808,8.082854578145378,3.014864891792932
Liver,RP-pos,Male,2,90444016808,16.402198374939047,4.035817286076481
Liver,RP-pos,Male,2,90449016808,10.61035462824497,3.4074009709195288
Liver,RP-pos,Male,2,90450016808,8.377467571004315,3.066514196799271
Liver,RP-pos,Male,4,90280016808,0.0,
Liver,RP-pos,Male,4,90281016808,3.375810582987411,1.7552339565773234
Liver,RP-pos,Male,4,90283016808,0.0,
Liver,RP-pos,Male,4,90289016808,7.509310920206712,2.908680527232008
Liver,RP-pos,Male,4,90292016808,2.219224125162783,1.150055376382446
Liver,RP-pos,Male,8,90218016808,5.0414956690470225,2.333851804004368
Liver,RP-pos,Male,8,90222016808,4.108455366770441,2.0385960937721843
Liver,RP-pos,Male,8,90223016808,3.182127781677193,1.6699917697640487
Liver,RP-pos,Male,8,90225016808,4.400964494578083,2.137819732627085
Liver,RP-pos,Male,8,90227016808,2.7486887898763297,1.4587435722862034
Lung,RP-neg,Female,0,90245016606,2.639411728922482,1.400216418092175
Lung,RP-neg,Female,0,90248016606,1.8061542154947616,0.8529210802113258
Lung,RP-neg,Female,0,90252016606,7.574708985900955,2.9211904624915346
Lung,RP-neg,Female,0,90265016606,1.8767152997334484,0.9082098079654318
Lung,RP-neg,Female,0,90266016606,1.9257636586507356,0.9454306577947983
Lung,RP-neg,Female,1,90559016606,4.247007050577842,2.0864465037465925
Lung,RP-neg,Female,1,90560016606,4.0868513193766685,2.030989758724438
Lung,RP-neg,Female,1,90564016606,2.2739903193155544,1.1852261124952574
Lung,RP-neg,Female,1,90567016606,15.330334405517537,3.938317262198462
Lung,RP-neg,Female,1,90571016606,1.9849836146036983,0.9891270984374755
Lung,RP-neg,Female,2,90576016606,4.490995431518536,2.167035254531446
Lung,RP-neg,Female,2,90578016606,2.978697363789906,1.574681552946737
Lung,RP-neg,Female,2,90581016606,9.389750420633916,3.2310868115852265
Lung,RP-neg,Female,2,90585016606,5.53224879862473,2.4678660394368426
Lung,RP-neg,Female,2,90587016606,3.9913125704447263,1.9968632646103373
Lung,RP-neg,Female,4,90406016606,5.830011759440007,2.543498793420398
Lung,RP-neg,Female,4,90410016606,3.272635744222038,1.7104530343261701
Lung,RP-neg,Female,4,90412016606,7.454446503702875,2.8981012356733364
Lung,RP-neg,Female,4,90416016606,5.044433456420815,2.3346922484180643
Lung,RP-neg,Female,4,90420016606,5.669956534830728,2.503337675692282
Lung,RP-neg,Female,8,90251016606,0.0,
Lung,RP-neg,Female,8,90254016606,2.1874582046508424,1.1292554519077052
Lung,RP-neg,Female,8,90258016606,0.0,
Lung,RP-neg,Female,8,90259016606,3.687178989156125,1.8825174518264085
Lung,RP-neg,Female,8,90267016606,5.037682129160561,2.3327600928638135
Lung,RP-neg,Male,0,90217016606,1.8637821825663432,0.8982332642340058
Lung,RP-neg,Male,0,90229016606,4.892838044230192,2.2906715295208158
Lung,RP-neg,Male,0,90232016606,14.733130962880534,3.8809921474353697
Lung,RP-neg,Male,0,90237016606,10.952344931030272,3.4531678832695345
Lung,RP-neg,Male,0,90239016606,0.0,
Lung,RP-neg,Male,1,90421016606,13.159559417724488,3.7180392833142974
Lung,RP-neg,Male,1,90422016606,7.5506587229410975,2.916602511307299
Lung,RP-neg,Male,1,90423016606,8.587402237447124,3.102221769784822
Lung,RP-neg,Male,1,90426016606,8.557276147969537,3.09715164789088
Lung,RP-neg,Male,1,90430016606,4.269565069834368,2.0940891135105186
Lung,RP-neg,Male,2,90439016606,6.64030821202585,2.7312502062772683
Lung,RP-neg,Male,2,90441016606,5.54026597595211,2.469955238544523
Lung,RP-neg,Male,2,90444016606,6.044505262756298,2.595624261033153
Lung,RP-neg,Male,2,90449016606,2.1204110440572315,1.0843439599494629
Lung,RP-neg,Male,2,90450016606,5.6578226481118845,2.5002469542704606
Lung,RP-neg,Male,4,90280016606,6.3203402740478625,2.6600022322103407
Lung,RP-neg,Male,4,90281016606,2.1245998339335337,1.087191136796325
Lung,RP-neg,Male,4,90283016606,6.583932643381692,2.718949576410165
Lung,RP-neg,Male,4,90289016606,2.663222908019975,1.4131731851524971
Lung,RP-neg,Male,4,90292016606,5.153571686299694,2.3655726396948933
Lung,RP-neg,Male,8,90218016606,2.7639538630167184,1.4667335339054353
Lung,RP-neg,Male,8,90222016606,1.9746493288676144,0.9815964728226255
Lung,RP-neg,Male,8,90223016606,3.1992770996093216,1.6777459542913524
Lung,RP-neg,Male,8,90225016606,2.4398914235432536,1.2868169485254586
Lung,RP-neg,Male,8,90227016606,3.54989358367914,1.8277757771245013
Lung,RP-pos,Female,0,90245016606,11.462915817387923,3.5189021634342086
Lung,RP-pos,Female,0,90248016606,4.102414232126856,2.0364731720866525
Lung,RP-pos,Female,0,90252016606,2.6618452570597597,1.4124267044723984
Lung,RP-pos,Female,0,90265016606,1.8258715276082536,0.8685852576534566
Lung,RP-pos,Female,0,90266016606,3.0027133631387843,1.5862667628353884
Lung,RP-pos,Female,1,90559016606,5.110414856720001,2.353440411992402
Lung,RP-pos,Female,1,90560016606,7.511298463440017,2.9090623251617376
Lung,RP-pos,Female,1,90564016606,10.436964640808108,3.3836302920084407
Lung,RP-pos,Female,1,90567016606,1.7162575411478849,0.7792660595145486
Lung,RP-pos,Female,1,90571016606,5.5319702481587285,2.4677933974592525
Lung,RP-pos,Female,2,90576016606,2.4529075347900635,1.2944928508485865
Lung,RP-pos,Female,2,90578016606,3.8823464200338114,1.956928854828155
Lung,RP-pos,Female,2,90581016606,4.748107349650101,2.247352553146853
Lung,RP-pos,Female,2,90585016606,6.305399309285473,2.656587736657295
Lung,RP-pos,Female,2,90587016606,2.356641001383487,1.2367320025546535
Lung,RP-pos,Female,4,90406016606,6.830787619527195,2.772051937120579
Lung,RP-pos,Female,4,90410016606,9.292151667276933,3.2160127021280562
Lung,RP-pos,Female,4,90412016606,1.996007614135762,0.9971172241095185
Lung,RP-pos,Female,4,90416016606,5.379269771067305,2.4274103420826147
Lung,RP-pos,Female,4,90420016606,9.921713736470544,3.3105893328673446
Lung,RP-pos,Female,8,90251016606,4.714194683837938,2.2370113393279767
Lung,RP-pos,Female,8,90254016606,4.258651602172832,2.0903967086680204
Lung,RP-pos,Female,8,90258016606,4.704470879109661,2.234032469391389
Lung,RP-pos,Female,8,90259016606,4.066409268442777,2.0237554241936024
Lung,RP-pos,Female,8,90267016606,4.738128958129931,2.244317465087785
Lung,RP-pos,Male,0,90217016606,3.06140286763504,1.6141929099073107
Lung,RP-pos,Male,0,90229016606,8.9765662448883,3.166163684516891
Lung,RP-pos,Male,0,90232016606,2.4647465006510663,1.3014392729479292
Lung,RP-pos,Male,0,90237016606,9.822063535563249,3.2960261548632523
Lung,RP-pos,Male,0,90239016606,7.897177279154479,2.981337076951383
Lung,RP-pos,Male,1,90421016606,11.250862347666285,3.4919636791760613
Lung,RP-pos,Male,1,90422016606,2.863102092997185,1.5175791151275864
Lung,RP-pos,Male,1,90423016606,8.142632650248292,3.0254953175129877
Lung,RP-pos,Male,1,90426016606,0.0,
Lung,RP-pos,Male,1,90430016606,1.2656927083333125,0.3399271820363357
Lung,RP-pos,Male,2,90439016606,0.0,
Lung,RP-pos,Male,2,90441016606,6.4449448440552395,2.6881680120316935
Lung,RP-pos,Male,2,90444016606,1.9121717918396188,0.9352121426185993
Lung,RP-pos,Male,2,90449016606,2.267741398111941,1.1812561319322776
Lung,RP-pos,Male,2,90450016606,0.0,
Lung,RP-pos,Male,4,90280016606,3.0034558682760193,1.586623465566699
Lung,RP-pos,Male,4,90281016606,7.839428120422371,2.970748414809467
Lung,RP-pos,Male,4,90283016606,5.466200993347076,2.450538509033064
Lung,RP-pos,Male,4,90289016606,12.739397056579715,3.6712250927274974
Lung,RP-pos,Male,4,90292016606,0.0,
Lung,RP-pos,Male,8,90218016606,3.776828077189111,1.9171751131845287
Lung,RP-pos,Male,8,90222016606,8.476589174397855,3.0834838672571894
Lung,RP-pos,Male,8,90223016606,3.2063246167501,1.68092049513302
Lung,RP-pos,Male,8,90225016606,5.876423944600415,2.5549384804261632
Lung,RP-pos,Male,8,90227016606,2.757148348490425,1.4631768937077825
Ovaries,HILIC-pos,Female,0,90245,51094.29143121865,15.640874492944691
Ovaries,HILIC-pos,Female,0,90252,137802.61201838026,17.07224370870724
Ovaries,HILIC-pos,Female,0,90248,60818.266860304466,15.892217083986717
Ovaries,HILIC-pos,Female,0,90266,30251.90478976283,14.88473836306822
Ovaries,HILIC-pos,Female,0,90265,35914.297784966955,15.132270687022924
Ovaries,HILIC-pos,Female,1,90560,72022.81321339458,16.1361663318928
Ovaries,HILIC-pos,Female,1,90559,60686.34618181012,15.889084340650095
Ovaries,HILIC-pos,Female,1,90564,25291.369087197698,14.626357515477016
Ovaries,HILIC-pos,Female,1,90567,24083.177474788117,14.55573812981554
Ovaries,HILIC-pos,Female,1,90571,95137.99590118484,16.537734014542114
Ovaries,HILIC-pos,Female,2,90576,112595.00071499734,16.780783246759064
Ovaries,HILIC-pos,Female,2,90578,70463.79514439686,16.10459455930074
Ovaries,HILIC-pos,Female,2,90581,136982.96535497796,17.063636971083152
Ovaries,HILIC-pos,Female,2,90585,30984.2445455748,14.919247172656792
Ovaries,HILIC-pos,Female,2,90587,27446.745709313564,14.744347482245932
Ovaries,HILIC-pos,Female,4,90410,79913.50391083575,16.28615169220271
Ovaries,HILIC-pos,Female,4,90406,141168.22917290367,17.107055911685343
Ovaries,HILIC-pos,Female,4,90412,42336.80399103439,15.369624743833112
Ovaries,HILIC-pos,Female,4,90416,20584.53967157544,14.329273565835011
Ovaries,HILIC-pos,Female,4,90420,56022.397430568126,15.773716103182917
Ovaries,HILIC-pos,Female,8,90251,,
Ovaries,HILIC-pos,Female,8,90258,41501.41423985967,15.340872879432336
Ovaries,HILIC-pos,Female,8,90254,37447.87156479926,15.19259610170018
Ovaries,HILIC-pos,Female,8,90259,19335.328200357784,14.238951632669936
Ovaries,HILIC-pos,Female,8,90267,196143.70761092933,17.581551528209612
Plasma,RP-neg,Female,0,90245013105,145.56253219044987,7.185495243255931
Plasma,RP-neg,Female,0,90248013105,104.78091548741666,6.711232162003956
Plasma,RP-neg,Female,0,90252013105,116.90518589375806,6.869195118765442
Plasma,RP-neg,Female,0,90265013105,100.54119068349206,6.651642869488551
Plasma,RP-neg,Female,0,90266013105,78.88268275248203,6.301636712626084
Plasma,RP-neg,Female,1,90559013105,182.5292415479018,7.511983794900387
Plasma,RP-neg,Female,1,90560013105,149.77802339477523,7.226682145578717
Plasma,RP-neg,Female,1,90564013105,135.2605039942423,7.079596824285036
Plasma,RP-neg,Female,1,90567013105,148.13328852640817,7.21075206939845
Plasma,RP-neg,Female,1,90571013105,281.91728723602273,8.139128136803297
Plasma,RP-neg,Female,2,90576013105,175.98210776875806,7.459284946219946
Plasma,RP-neg,Female,2,90578013105,198.10371332295747,7.63011211261902
Plasma,RP-neg,Female,2,90581013105,159.7417729756676,7.3195978211483
Plasma,RP-neg,Female,2,90585013105,164.83127107518516,7.364846160119561
Plasma,RP-neg,Female,2,90587013105,176.73664298349996,7.465457376070365
Plasma,RP-neg,Female,4,90406013105,176.77341823603317,7.465757539943866
Plasma,RP-neg,Female,4,90410013105,123.83942601420088,6.952326879609471
Plasma,RP-neg,Female,4,90412013105,147.73838899027507,7.206900940790845
Plasma,RP-neg,Female,4,90416013105,118.28211592877712,6.88608814670415
Plasma,RP-neg,Female,4,90420013105,122.56917116953537,6.937452345036875
Plasma,RP-neg,Female,8,90251013105,80.5271658973693,6.331403654436729
Plasma,RP-neg,Female,8,90254013105,93.28096123962372,6.5435107501548995
Plasma,RP-neg,Female,8,90258013105,173.28285705464708,7.436985124909956
Plasma,RP-neg,Female,8,90259013105,134.28200747375493,7.0691221999209075
Plasma,RP-neg,Female,8,90267013105,172.9026959472654,7.433816553835473
Plasma,RP-neg,Male,0,90217013105,93.79886831614198,6.5514986116094756
Plasma,RP-neg,Male,0,90229013105,144.53894488728832,7.175314457765
Plasma,RP-neg,Male,0,90232013105,139.4929969792682,7.12404888547159
Plasma,RP-neg,Male,0,90237013105,108.47673764114366,6.7612418860117245
Plasma,RP-neg,Male,0,90239013105,186.6840051239014,7.544454514141464
Plasma,RP-neg,Male,1,90421013105,134.91376945037845,7.0758937886466295
Plasma,RP-neg,Male,1,90422013105,139.4520992563887,7.12362584206125
Plasma,RP-neg,Male,1,90423013105,171.5062504501343,7.422117345351188
Plasma,RP-neg,Male,1,90426013105,195.82387331161465,7.613412847508707
Plasma,RP-neg,Male,1,90430013105,182.51790435791025,7.511894183966747
Plasma,RP-neg,Male,2,90439013105,137.5375600184124,7.103681846612713
Plasma,RP-neg,Male,2,90441013105,84.20842048721329,6.395892598817277
Plasma,RP-neg,Male,2,90444013105,142.3344341496786,7.153140916764492
Plasma,RP-neg,Male,2,90449013105,123.90465479227696,6.9530865767656795
Plasma,RP-neg,Male,2,90450013105,115.05928084030168,6.8462335478022585
Plasma,RP-neg,Male,4,90280013105,69.26501193974795,6.114054878018959
Plasma,RP-neg,Male,4,90281013105,177.31711601562463,7.47018799278535
Plasma,RP-neg,Male,4,90283013105,120.78051220753991,6.916243886080314
Plasma,RP-neg,Male,4,90289013105,143.7173684733075,7.167090614103958
Plasma,RP-neg,Male,4,90292013105,141.30142807515475,7.142632236242986
Plasma,RP-neg,Male,8,90218013105,160.99340851440408,7.330857811665856
Plasma,RP-neg,Male,8,90222013105,153.5414851605736,7.262484697808282
Plasma,RP-neg,Male,8,90223013105,32.508138596089786,5.022729045099806
Plasma,RP-neg,Male,8,90225013105,161.8441198633832,7.33846114013465
Plasma,RP-neg,Male,8,90227013105,216.91984466552765,7.7610182321390955
Plasma,RP-pos,Female,0,90245013105,9.825574159749308,3.296541714060352
Plasma,RP-pos,Female,0,90248013105,2.262385615030947,1.17784485217407
Plasma,RP-pos,Female,0,90252013105,12.207283158111595,3.6096702460353334
Plasma,RP-pos,Female,0,90265013105,13.421810926818866,3.7465074340022535
Plasma,RP-pos,Female,0,90266013105,5.008248037719707,2.324306014731952
Plasma,RP-pos,Female,1,90559013105,19.824449856058624,4.309208925459812
Plasma,RP-pos,Female,1,90560013105,7.4278871292115,2.892951892903378
Plasma,RP-pos,Female,1,90564013105,20.735436020406063,4.374026479139378
Plasma,RP-pos,Female,1,90567013105,17.696419727070996,4.1453856040956
Plasma,RP-pos,Female,1,90571013105,18.23475210876463,4.188618682064166
Plasma,RP-pos,Female,2,90576013105,20.55715504379276,4.361568715051059
Plasma,RP-pos,Female,2,90578013105,30.06744634094245,4.910130438432687
Plasma,RP-pos,Female,2,90581013105,23.47594824371332,4.553111527478814
Plasma,RP-pos,Female,2,90585013105,17.99648215688071,4.16964301972994
Plasma,RP-pos,Female,2,90587013105,28.15882674865705,4.81551531951754
Plasma,RP-pos,Female,4,90406013105,9.74916554616302,3.28527874051028
Plasma,RP-pos,Female,4,90410013105,4.376098855336473,2.1296453287366903
Plasma,RP-pos,Female,4,90412013105,8.410979666646407,3.072273847793014
Plasma,RP-pos,Female,4,90416013105,3.0220056795756554,1.5955063719150295
Plasma,RP-pos,Female,4,90420013105,9.590083154296895,3.2615433247086463
Plasma,RP-pos,Female,8,90251013105,10.844913627115975,3.4389466577889585
Plasma,RP-pos,Female,8,90254013105,4.234495122019439,2.0821899675788016
Plasma,RP-pos,Female,8,90258013105,16.60516433054605,4.053560095216135
Plasma,RP-pos,Female,8,90259013105,10.70868141988116,3.420708944152832
Plasma,RP-pos,Female,8,90267013105,19.782377187601647,4.306143895640415
Plasma,RP-pos,Male,0,90217013105,3.4320110265096373,1.7790541879963213
Plasma,RP-pos,Male,0,90229013105,2.4279537277221275,1.2797409267740139
Plasma,RP-pos,Male,0,90232013105,1.820747341156024,0.8645307383768341
Plasma,RP-pos,Male,0,90237013105,13.775977120971676,3.7840827467208116
Plasma,RP-pos,Male,0,90239013105,5.669513519032801,2.5032249479030653
Plasma,RP-pos,Male,1,90421013105,7.670796550623622,2.9393763978019916
Plasma,RP-pos,Male,1,90422013105,4.919175085957894,2.2984164051624547
Plasma,RP-pos,Male,1,90423013105,6.272061196644995,2.6489396359304074
Plasma,RP-pos,Male,1,90426013105,0.0,
Plasma,RP-pos,Male,1,90430013105,8.664739521789485,3.1151563799369746
Plasma,RP-pos,Male,2,90439013105,0.0,
Plasma,RP-pos,Male,2,90441013105,7.608201919301301,2.927555535382099
Plasma,RP-pos,Male,2,90444013105,2.7704675657908155,1.470129477329669
Plasma,RP-pos,Male,2,90449013105,3.5689276540120347,1.8354906567088922
Plasma,RP-pos,Male,2,90450013105,0.0,
Plasma,RP-pos,Male,4,90280013105,7.368789760843919,2.8814276926715463
Plasma,RP-pos,Male,4,90281013105,4.59211735483807,2.199159511586664
Plasma,RP-pos,Male,4,90283013105,8.055105114237524,3.009903415350186
Plasma,RP-pos,Male,4,90289013105,1.7813507876078467,0.8329716431715999
Plasma,RP-pos,Male,4,90292013105,2.4368219116211183,1.285000819543309
Plasma,RP-pos,Male,8,90218013105,3.753735545603472,1.908327014450733
Plasma,RP-pos,Male,8,90222013105,0.0,
Plasma,RP-pos,Male,8,90223013105,2.9091947713216437,1.5406198884675315
Plasma,RP-pos,Male,8,90225013105,5.514930700683597,2.463342757365478
Plasma,RP-pos,Male,8,90227013105,0.0,
Small Intestine,HILIC-pos,Female,0,90248,236858.7222046081,17.85366727386146
Small Intestine,HILIC-pos,Female,0,90245,156853.03518618253,17.25905392077285
Small Intestine,HILIC-pos,Female,0,90252,95944.78413891893,16.5499167586491
Small Intestine,HILIC-pos,Female,0,90266,238180.12990239295,17.861693536308056
Small Intestine,HILIC-pos,Female,0,90265,245477.77840638423,17.90523290657793
Small Intestine,HILIC-pos,Female,1,90559,344954.5224262623,18.39604664909624
Small Intestine,HILIC-pos,Female,1,90560,209392.3231240174,17.675849024661915
Small Intestine,HILIC-pos,Female,1,90564,301949.3544283427,18.203947062919703
Small Intestine,HILIC-pos,Female,1,90567,231059.0140202187,17.817901847120662
Small Intestine,HILIC-pos,Female,1,90571,54304.931932760286,15.728795607999407
Small Intestine,HILIC-pos,Female,2,90576,124636.29918301843,16.92736477574129
Small Intestine,HILIC-pos,Female,2,90578,261976.2818171481,17.99907667683423
Small Intestine,HILIC-pos,Female,2,90581,190053.6673175804,17.536047338467736
Small Intestine,HILIC-pos,Female,2,90585,252407.132350099,17.945393152034356
Small Intestine,HILIC-pos,Female,2,90587,82461.0810812284,16.331425754919294
Small Intestine,HILIC-pos,Female,4,90406,208346.8003480908,17.668627418694275
Small Intestine,HILIC-pos,Female,4,90410,78819.91643366848,16.266272599454073
Small Intestine,HILIC-pos,Female,4,90412,66465.00473830913,16.02030730994461
Small Intestine,HILIC-pos,Female,4,90416,199538.93235673787,17.606310734860237
Small Intestine,HILIC-pos,Female,4,90420,243511.6020013844,17.893630984942025
Small Intestine,HILIC-pos,Female,8,90251,75749.07318335955,16.208940616360106
Small Intestine,HILIC-pos,Female,8,90254,53146.24419836668,15.69768012082895
Small Intestine,HILIC-pos,Female,8,90258,184508.32002481408,17.493326347567493
Small Intestine,HILIC-pos,Female,8,90267,228103.43321366803,17.799328635436087
Small Intestine,HILIC-pos,Female,8,90259,257793.97946690756,17.975859045759886
Small Intestine,HILIC-pos,Male,0,90217,283769.08943742164,18.114357921678604
Small Intestine,HILIC-pos,Male,0,90232,186172.48716827747,17.50628035958562
Small Intestine,HILIC-pos,Male,0,90229,74447.37020581082,16.18393326720109
Small Intestine,HILIC-pos,Male,0,90237,252545.88195936545,17.946185991655387
Small Intestine,HILIC-pos,Male,0,90239,66512.39337334513,16.021335565161298
Small Intestine,HILIC-pos,Male,1,90421,307740.0808731003,18.231352830721487
Small Intestine,HILIC-pos,Male,1,90422,134665.56447108157,17.039021458732734
Small Intestine,HILIC-pos,Male,1,90423,321125.90604587103,18.292779530083855
Small Intestine,HILIC-pos,Male,1,90426,128676.45693603564,16.97338859195304
Small Intestine,HILIC-pos,Male,1,90430,68056.60094799714,16.054447477988354
Small Intestine,HILIC-pos,Male,2,90439,110223.8108086228,16.75007638641195
Small Intestine,HILIC-pos,Male,2,90441,106213.57848872016,16.696608688470633
Small Intestine,HILIC-pos,Male,2,90444,220159.5150550552,17.74818967177134
Small Intestine,HILIC-pos,Male,2,90449,99122.2026625168,16.596920626501145
Small Intestine,HILIC-pos,Male,2,90450,250597.80157454792,17.93501423278609
Small Intestine,HILIC-pos,Male,4,90280,147970.01660697663,17.174945344380678
Small Intestine,HILIC-pos,Male,4,90281,248603.58541545356,17.923487577841666
Small Intestine,HILIC-pos,Male,4,90283,51400.55073089917,15.649496196798964
Small Intestine,HILIC-pos,Male,4,90289,278718.84736803744,18.088451037284106
Small Intestine,HILIC-pos,Male,4,90292,206802.1224325654,17.657891466700992
Small Intestine,HILIC-pos,Male,8,90218,257209.7627931429,17.972585877856737
Small Intestine,HILIC-pos,Male,8,90222,252848.14851766464,17.947911688796164
Small Intestine,HILIC-pos,Male,8,90227,288243.14457906317,18.13692677043389
Small Intestine,HILIC-pos,Male,8,90225,139770.98317068713,17.09270535889245
Small Intestine,HILIC-pos,Male,8,90223,94908.7241063334,16.53425308688494
Spleen,HILIC-pos,Female,0,90245,28750.653606640823,14.811307133670494
Spleen,HILIC-pos,Female,0,90248,17469.28739673042,14.092533138910518
Spleen,HILIC-pos,Female,0,90252,33174.4332266113,15.017784197423982
Spleen,HILIC-pos,Female,0,90265,26973.81276026384,14.719271841113576
Spleen,HILIC-pos,Female,0,90266,24584.41960270031,14.585456675477143
Spleen,HILIC-pos,Female,1,90559,18468.70998428134,14.17279547898966
Spleen,HILIC-pos,Female,1,90560,17118.965257131847,14.063307881316565
Spleen,HILIC-pos,Female,1,90564,14100.256109774253,13.78343374677959
Spleen,HILIC-pos,Female,1,90567,40766.78279164613,15.315106487131898
Spleen,HILIC-pos,Female,1,90571,9073.828436859343,13.147495666895145
Spleen,HILIC-pos,Female,2,90576,20796.000252563277,14.34401845740257
Spleen,HILIC-pos,Female,2,90578,43432.28324026764,15.406480176983813
Spleen,HILIC-pos,Female,2,90581,10619.841204129643,13.37447457358912
Spleen,HILIC-pos,Female,2,90585,11238.305972074471,13.456136964051703
Spleen,HILIC-pos,Female,2,90587,22274.89073110218,14.44313073421096
Spleen,HILIC-pos,Female,4,90406,9659.995676350252,13.23780682799752
Spleen,HILIC-pos,Female,4,90410,27686.727644225255,14.756906928002191
Spleen,HILIC-pos,Female,4,90412,20834.82188345457,14.346709146066743
Spleen,HILIC-pos,Female,4,90420,17123.38617522705,14.063680404603124
Spleen,HILIC-pos,Female,4,90416,10465.552582182188,13.353360867590968
Spleen,HILIC-pos,Female,8,90251,22287.774101580308,14.44396492019541
Spleen,HILIC-pos,Female,8,90254,14081.188561444464,13.781481493306716
Spleen,HILIC-pos,Female,8,90258,22676.778480576377,14.468928081548697
Spleen,HILIC-pos,Female,8,90259,16025.701983770976,13.968099933043938
Spleen,HILIC-pos,Female,8,90267,25001.204725893393,14.609709994844646
Spleen,HILIC-pos,Male,0,90217,86314.25001996338,16.39731113983429
Spleen,HILIC-pos,Male,0,90229,27393.55947051085,14.7415491190067
Spleen,HILIC-pos,Male,0,90232,18679.46741074221,14.18916570104056
Spleen,HILIC-pos,Male,0,90237,13435.777695903758,13.713792210059562
Spleen,HILIC-pos,Male,0,90239,10926.149591551835,13.415497459987268
Spleen,HILIC-pos,Male,1,90421,12416.934419011872,13.600021414267449
Spleen,HILIC-pos,Male,1,90422,9837.570558283807,13.264086362801509
Spleen,HILIC-pos,Male,1,90423,9708.398638552067,13.245017633164997
Spleen,HILIC-pos,Male,1,90426,10289.058349362653,13.328823332931163
Spleen,HILIC-pos,Male,1,90430,15202.80596346959,13.892050004269526
Spleen,HILIC-pos,Male,2,90441,18947.06307073495,14.209686617304184
Spleen,HILIC-pos,Male,2,90444,11088.567445081002,13.43678537233718
Spleen,HILIC-pos,Male,2,90439,20248.641523788192,14.305537500749876
Spleen,HILIC-pos,Male,2,90449,13720.114199660318,13.744004869412796
Spleen,HILIC-pos,Male,2,90450,17128.551924876163,14.064115568384862
Spleen,HILIC-pos,Male,4,90280,13953.645014928696,13.768354416160324
Spleen,HILIC-pos,Male,4,90281,12208.70314929426,13.575622339952703
Spleen,HILIC-pos,Male,4,90283,15036.648128566458,13.876195386243902
Spleen,HILIC-pos,Male,4,90292,12384.556775203482,13.596254617156086
Spleen,HILIC-pos,Male,4,90289,12502.468811236608,13.609925385640294
Spleen,HILIC-pos,Male,8,90218,22850.766744178916,14.479954954437424
Spleen,HILIC-pos,Male,8,90223,12978.75289773418,13.66386414388097
Spleen,HILIC-pos,Male,8,90225,16557.552405055896,14.015201803952673
Spleen,HILIC-pos,Male,8,90227,27413.047975417347,14.742575125609854
Spleen,HILIC-pos,Male,8,90222,19840.575316665017,14.276166239672706
Testes,HILIC-pos,Male,0,90217,9201.456749428473,13.167646567440883
Testes,HILIC-pos,Male,0,90229,172584.66327560454,17.396944739652856
Testes,HILIC-pos,Male,0,90232,150071.31519375855,17.195288719333455
Testes,HILIC-pos,Male,0,90237,65292.67497499596,15.994633527982533
Testes,HILIC-pos,Male,0,90239,89878.6694676257,16.455691147072763
Testes,HILIC-pos,Male,1,90421,7904.204815122733,12.94840461543254
Testes,HILIC-pos,Male,1,90422,6541.199117339463,12.675339416113768
Testes,HILIC-pos,Male,1,90423,46357.17776573559,15.50050511700437
Testes,HILIC-pos,Male,1,90426,38281.04977316433,15.224342772638073
Testes,HILIC-pos,Male,1,90430,6428.54800906697,12.65027720313746
Testes,HILIC-pos,Male,2,90439,7024.233562221449,12.778125101268907
Testes,HILIC-pos,Male,2,90441,7276.652800928203,12.82905926008904
Testes,HILIC-pos,Male,2,90444,5111.595931925839,12.319558081422946
Testes,HILIC-pos,Male,2,90450,201523.93612353056,17.62059168031573
Testes,HILIC-pos,Male,2,90449,7915.500824320041,12.950464919156504
Testes,HILIC-pos,Male,4,90280,131204.70534500416,17.001459934150258
Testes,HILIC-pos,Male,4,90281,7023.939025129503,12.778064605542603
Testes,HILIC-pos,Male,4,90283,7573.337278730798,12.886713465255909
Testes,HILIC-pos,Male,4,90289,7842.481007782769,12.93709441494572
Testes,HILIC-pos,Male,4,90292,7769.971699520085,12.923693628592837
Testes,HILIC-pos,Male,8,90218,76411.82377401914,16.221508274097253
Testes,HILIC-pos,Male,8,90223,129827.50694915152,16.9862365583504
Testes,HILIC-pos,Male,8,90227,10653.5085031112,13.379041008729873
Testes,HILIC-pos,Male,8,90222,125625.14803811032,16.938765770817707
Testes,HILIC-pos,Male,8,90225,158038.59358686165,17.269917387126178
Vastus Lateralis,HILIC-pos,Female,0,90248,47339.64794125904,15.530761356528432
Vastus Lateralis,HILIC-pos,Female,0,90245,53604.058274739175,15.710054608426612
Vastus Lateralis,HILIC-pos,Female,0,90252,6982.995155907746,12.76963025658941
Vastus Lateralis,HILIC-pos,Female,0,90265,37356.959033113904,15.189089399736044
Vastus Lateralis,HILIC-pos,Female,0,90266,32020.011653045924,14.96668621244386
Vastus Lateralis,HILIC-pos,Female,1,90559,31406.684885856524,14.938784047749662
Vastus Lateralis,HILIC-pos,Female,1,90560,28409.643140636508,14.794093089201947
Vastus Lateralis,HILIC-pos,Female,1,90564,4723.556175444715,12.205657700378234
Vastus Lateralis,HILIC-pos,Female,1,90567,5644.80460098461,12.462707926586926
Vastus Lateralis,HILIC-pos,Female,1,90571,13508.70628640836,13.72160189554885
Vastus Lateralis,HILIC-pos,Female,2,90576,55582.46268056373,15.762342136691858
Vastus Lateralis,HILIC-pos,Female,2,90578,4622.552474095675,12.174473981509063
Vastus Lateralis,HILIC-pos,Female,2,90581,19829.386598687383,14.275352429545904
Vastus Lateralis,HILIC-pos,Female,2,90585,6080.839465593841,12.570054787483766
Vastus Lateralis,HILIC-pos,Female,2,90587,33648.16627492747,15.03824026393472
Vastus Lateralis,HILIC-pos,Female,4,90406,4550.800327986588,12.15190457232106
Vastus Lateralis,HILIC-pos,Female,4,90410,18065.61101103386,14.14095842965229
Vastus Lateralis,HILIC-pos,Female,4,90412,25971.046387162532,14.664616521681218
Vastus Lateralis,HILIC-pos,Female,4,90416,66337.43524062993,16.017535614811475
Vastus Lateralis,HILIC-pos,Female,4,90420,5158.6047747088605,12.332765203645508
Vastus Lateralis,HILIC-pos,Female,8,90251,21984.667800539984,14.424210112412291
Vastus Lateralis,HILIC-pos,Female,8,90254,6031.775711174603,12.558367068309757
Vastus Lateralis,HILIC-pos,Female,8,90258,28728.01811126036,14.81017084719603
Vastus Lateralis,HILIC-pos,Female,8,90259,24571.72920694725,14.58471176881257
Vastus Lateralis,HILIC-pos,Female,8,90267,17660.496096406103,14.108238249476502
Vastus Lateralis,HILIC-pos,Male,0,90217,9126.611863151777,13.155863662349248
Vastus Lateralis,HILIC-pos,Male,0,90229,19277.98923603835,14.234666960656806
Vastus Lateralis,HILIC-pos,Male,0,90232,5206.2412892670645,12.346026461321934
Vastus Lateralis,HILIC-pos,Male,0,90237,13289.740583618235,13.69802532296111
Vastus Lateralis,HILIC-pos,Male,0,90239,5919.921577950274,12.53136234905489
Vastus Lateralis,HILIC-pos,Male,1,90421,5094.7483941957125,12.31479518484922
Vastus Lateralis,HILIC-pos,Male,1,90422,4798.043949824481,12.228230657362928
Vastus Lateralis,HILIC-pos,Male,1,90423,5460.085871449555,12.414707925429967
Vastus Lateralis,HILIC-pos,Male,1,90426,5151.226728979007,12.330700325708523
Vastus Lateralis,HILIC-pos,Male,1,90430,5480.14902509356,12.419999410482951
Vastus Lateralis,HILIC-pos,Male,2,90439,88913.65282129492,16.440117343545534
Vastus Lateralis,HILIC-pos,Male,2,90441,51817.132763402966,15.661141567540191
Vastus Lateralis,HILIC-pos,Male,2,90444,15436.343576535768,13.914043439881498
Vastus Lateralis,HILIC-pos,Male,2,90449,5046.319992323639,12.301015976648364
Vastus Lateralis,HILIC-pos,Male,2,90450,21500.96450830324,14.39211375844024
Vastus Lateralis,HILIC-pos,Male,4,90280,21783.07124641406,14.410919756909903
Vastus Lateralis,HILIC-pos,Male,4,90281,5074.259783321178,12.30898166660141
Vastus Lateralis,HILIC-pos,Male,4,90283,23509.24084943356,14.520940332388085
Vastus Lateralis,HILIC-pos,Male,4,90289,4398.693325968123,12.10285930565829
Vastus Lateralis,HILIC-pos,Male,4,90292,3973.077024806202,11.956041047438406
Vastus Lateralis,HILIC-pos,Male,8,90218,5593.890851446191,12.449636388741911
Vastus Lateralis,HILIC-pos,Male,8,90222,6687.10909156695,12.707166937883237
Vastus Lateralis,HILIC-pos,Male,8,90223,6939.191741641567,12.760551916019915
Vastus Lateralis,HILIC-pos,Male,8,90225,13396.986790080771,13.709620930094877
Vastus Lateralis,HILIC-pos,Male,8,90227,52864.685236908444,15.690016671886353
Vena Cava,HILIC-pos,Female,0,90248,10877.47874000459,13.40905657668807
Vena Cava,HILIC-pos,Female,0,90252,35757.89831802382,15.125974323697394
Vena Cava,HILIC-pos,Female,0,90265,7173.35906641472,12.808433132130215
Vena Cava,HILIC-pos,Female,0,90266,11938.03281085279,13.54327750360222
Vena Cava,HILIC-pos,Female,4,90406,7569.762357026408,12.88603229402487
Vena Cava,HILIC-pos,Female,4,90410,11983.868482184356,13.548806075586455
Vena Cava,HILIC-pos,Female,8,90251,6489.27047801556,12.663840584626628
Vena Cava,HILIC-pos,Female,8,90254,9004.055246118402,13.13635919341512
Vena Cava,HILIC-pos,Female,8,90259,9114.995658830398,13.154026253818945
Vena Cava,HILIC-pos,Female,8,90267,6575.053250724595,12.682786863362876
Vena Cava,HILIC-pos,Male,0,90217,7212.549294510211,12.81629355862158
Vena Cava,HILIC-pos,Male,0,90229,13233.556252831017,13.691913188625628
Vena Cava,HILIC-pos,Male,0,90237,8416.179969080491,13.038949839782306
Vena Cava,HILIC-pos,Male,0,90239,5468.811481138283,12.417011615563624
Vena Cava,HILIC-pos,Male,4,90280,6053.879208492051,12.56364417438846
Vena Cava,HILIC-pos,Male,4,90283,4867.817882712627,12.249059478880088
Vena Cava,HILIC-pos,Male,4,90281,5608.023045049545,12.45327656248965
Vena Cava,HILIC-pos,Male,4,90289,4184.8756103746755,12.030969025965158
Vena Cava,HILIC-pos,Male,4,90292,10017.557683394392,13.290243196710966
Vena Cava,HILIC-pos,Male,8,90218,56076.78644530542,15.775116055712177
Vena Cava,HILIC-pos,Male,8,90222,5358.838845549122,12.387704715709807
Vena Cava,HILIC-pos,Male,8,90223,5349.519075264341,12.385193482920172
Vena Cava,HILIC-pos,Male,8,90225,36254.679799320176,15.14587961157372
Vena Cava,HILIC-pos,Male,8,90227,7061.861384553984,12.785832787750648
White Adipose,RP-neg,Female,0,90245017008,0.0,
White Adipose,RP-neg,Female,0,90248017008,3.0080089945474757,1.5888088809682224
White Adipose,RP-neg,Female,0,90252017008,2.1384104802449757,1.0965388132886544
White Adipose,RP-neg,Female,0,90265017008,2.4403805048624267,1.2871061107715285
White Adipose,RP-neg,Female,0,90266017008,3.850889678827893,1.9451917930679794
White Adipose,RP-neg,Female,1,90559017008,9.791672474161818,3.2915553015145127
White Adipose,RP-neg,Female,1,90560017008,0.0,
White Adipose,RP-neg,Female,1,90564017008,6.99470321095785,2.806262844357428
White Adipose,RP-neg,Female,1,90567017008,2.145241375223817,1.1011399839704095
White Adipose,RP-neg,Female,1,90571017008,9.894386758168553,3.306610293592597
White Adipose,RP-neg,Female,2,90576017008,1.7224364123026703,0.7844507235107385
White Adipose,RP-neg,Female,2,90578017008,4.3411966751098365,2.1180927844378687
White Adipose,RP-neg,Female,2,90581017008,0.0,
White Adipose,RP-neg,Female,2,90585017008,10.669422935994447,3.415410243880757
White Adipose,RP-neg,Female,2,90587017008,13.99524011891672,3.806864334595516
White Adipose,RP-neg,Female,4,90406017008,7.928760206604011,2.987095294224472
White Adipose,RP-neg,Female,4,90410017008,8.621440469868945,3.1079289348732453
White Adipose,RP-neg,Female,4,90412017008,6.866403627777046,2.779554665724671
White Adipose,RP-neg,Female,4,90416017008,13.23697390670786,3.7265014414455826
White Adipose,RP-neg,Female,4,90420017008,4.8460311599731405,2.2768036813460477
White Adipose,RP-neg,Female,8,90251017008,1.8797265635172715,0.9105228139516527
White Adipose,RP-neg,Female,8,90254017008,5.013022354634586,2.3256806675630157
White Adipose,RP-neg,Female,8,90258017008,0.0,
White Adipose,RP-neg,Female,8,90259017008,12.567494776662167,3.6516251843037613
White Adipose,RP-neg,Female,8,90267017008,0.0,
White Adipose,RP-neg,Male,0,90217017008,2.6988835858662945,1.4323627486774844
White Adipose,RP-neg,Male,0,90229017008,1.783600130208351,0.8347922100856793
White Adipose,RP-neg,Male,0,90232017008,2.6200667480469013,1.389603565903804
White Adipose,RP-neg,Male,0,90237017008,0.0,
White Adipose,RP-neg,Male,0,90239017008,0.0,
White Adipose,RP-neg,Male,1,90421017008,4.707408061854006,2.2349329185245725
White Adipose,RP-neg,Male,1,90422017008,3.6787573743184776,1.8792185291485541
White Adipose,RP-neg,Male,1,90423017008,1.9324073432922169,0.9503992402419401
White Adipose,RP-neg,Male,1,90426017008,20.493580105082223,4.3571001313924285
White Adipose,RP-neg,Male,1,90430017008,1.898053153737405,0.9245203946559651
White Adipose,RP-neg,Male,2,90439017008,12.225617384592612,3.61183541693194
White Adipose,RP-neg,Male,2,90441017008,7.135334013875298,2.834980965634129
White Adipose,RP-neg,Male,2,90444017008,4.59717353922524,2.2007471276413564
White Adipose,RP-neg,Male,2,90449017008,4.062905623881063,2.022511852991319
White Adipose,RP-neg,Male,2,90450017008,2.114016185251893,1.079986422270858
White Adipose,RP-neg,Male,4,90280017008,1.955318434143034,0.9674035773274193
White Adipose,RP-neg,Male,4,90281017008,2.194326726023305,1.1337783529606138
White Adipose,RP-neg,Male,4,90283017008,5.223974015808091,2.38514772089697
White Adipose,RP-neg,Male,4,90289017008,3.552858274332623,1.8289801398384027
White Adipose,RP-neg,Male,4,90292017008,2.657739715067572,1.4101998216312253
White Adipose,RP-neg,Male,8,90218017008,0.0,
White Adipose,RP-neg,Male,8,90222017008,3.766476405843037,1.9132154919537314
White Adipose,RP-neg,Male,8,90223017008,2.157729573059104,1.1095140640595893
White Adipose,RP-neg,Male,8,90225017008,5.165315983072831,2.36885660722553
White Adipose,RP-neg,Male,8,90227017008,13.459025395965584,3.7505020392104655
White Adipose,RP-pos,Female,0,90245017008,0.0,
White Adipose,RP-pos,Female,0,90248017008,0.0,
White Adipose,RP-pos,Female,0,90252017008,0.0,
White Adipose,RP-pos,Female,0,90265017008,0.0,
White Adipose,RP-pos,Female,0,90266017008,0.0,
White Adipose,RP-pos,Female,1,90559017008,0.0,
White Adipose,RP-pos,Female,1,90560017008,0.0,
White Adipose,RP-pos,Female,1,90564017008,0.0,
White Adipose,RP-pos,Female,1,90567017008,3.6520562500000366,1.8687089862890407
White Adipose,RP-pos,Female,1,90571017008,0.0,
White Adipose,RP-pos,Female,2,90576017008,0.0,
White Adipose,RP-pos,Female,2,90578017008,0.0,
White Adipose,RP-pos,Female,2,90581017008,2.1800328994750613,1.124349907273473
White Adipose,RP-pos,Female,2,90585017008,5.075439232381152,2.3435326796293983
White Adipose,RP-pos,Female,2,90587017008,0.0,
White Adipose,RP-pos,Female,4,90406017008,0.0,
White Adipose,RP-pos,Female,4,90410017008,2.417292161051392,1.2733918520141843
White Adipose,RP-pos,Female,4,90412017008,0.0,
White Adipose,RP-pos,Female,4,90416017008,0.0,
White Adipose,RP-pos,Female,4,90420017008,0.0,
White Adipose,RP-pos,Female,8,90251017008,0.0,
White Adipose,RP-pos,Female,8,90254017008,0.9268144297281746,-0.10964758895046599
White Adipose,RP-pos,Female,8,90258017008,0.0,
White Adipose,RP-pos,Female,8,90259017008,0.0,
White Adipose,RP-pos,Female,8,90267017008,0.0,
White Adipose,RP-pos,Male,0,90217017008,0.0,
White Adipose,RP-pos,Male,0,90229017008,0.0,
White Adipose,RP-pos,Male,0,90232017008,0.0,
White Adipose,RP-pos,Male,0,90237017008,0.0,
White Adipose,RP-pos,Male,0,90239017008,0.0,
White Adipose,RP-pos,Male,1,90421017008,0.0,
White Adipose,RP-pos,Male,1,90422017008,0.0,
White Adipose,RP-pos,Male,1,90423017008,0.0,
White Adipose,RP-pos,Male,1,90426017008,0.0,
White Adipose,RP-pos,Male,1,90430017008,0.0,
White Adipose,RP-pos,Male,2,90439017008,0.0,
White Adipose,RP-pos,Male,2,90441017008,0.0,
White Adipose,RP-pos,Male,2,90444017008,0.0,
White Adipose,RP-pos,Male,2,90449017008,0.0,
White Adipose,RP-pos,Male,2,90450017008,0.0,
White Adipose,RP-pos,Male,4,90280017008,0.0,
White Adipose,RP-pos,Male,4,90281017008,0.0,
White Adipose,RP-pos,Male,4,90283017008,0.0,
White Adipose,RP-pos,Male,4,90289017008,0.0,
White Adipose,RP-pos,Male,4,90292017008,0.0,
White Adipose,RP-pos,Male,8,90218017008,0.0,
White Adipose,RP-pos,Male,8,90222017008,0.0,
White Adipose,RP-pos,Male,8,90223017008,0.0,
White Adipose,RP-pos,Male,8,90225017008,0.0,
White Adipose,RP-pos,Male,8,90227017008,0.0,
