tissue,study_id,animal,group,weeks,sex,area,MHplus_int,apex_rt,log2
Adrenal,ST002659,90217,Control,0,Male,143522.50061769036,460289.34375,3.8080931,17.130917406354232
Adrenal,ST002659,90218,Training,8,Male,101026.39370662675,311916.59375,3.7935781,16.624372728752242
Adrenal,ST002659,90222,Training,8,Male,181364.97059521693,2230234.0,1.70502,17.468536310520086
Adrenal,ST002659,90232,Control,0,Male,327877.99851418874,2988798.5,1.6964009,18.322799570741083
Adrenal,ST002659,90225,Training,8,Male,287278.22217018495,1576164.375,1.716151,18.13208910441851
Adrenal,ST002659,90223,Training,8,Male,131361.96427473114,551978.0625,3.834554,17.003188079657143
Adrenal,ST002659,90229,Control,0,Male,255151.2185813847,1992126.75,1.6980366,17.960993006369428
Adrenal,ST002659,90227,Training,8,Male,332994.26762107445,3573722.75,1.699161,18.345137816460582
Adrenal,ST002659,90237,Control,0,Male,96680.43837320259,363934.84375,3.8504396,16.560936394206642
Adrenal,ST002659,90239,Control,0,Male,359177.3538571885,2869453.0,1.7131803,18.45433686541822
Adrenal,ST002659,90245,Control,0,Female,405815.51653282123,3698466.75,1.706971,18.630464502658505
Adrenal,ST002659,90252,Control,0,Female,170198.3282476647,657031.1875,3.8077673,17.37685734083408
Adrenal,ST002659,90251,Training,8,Female,382653.7476714856,1649996.75,3.8050643,18.545680003774535
Adrenal,ST002659,90248,Control,0,Female,311665.04032597644,2997984.25,1.6989456,18.2496368104172
Adrenal,ST002659,90254,Training,8,Female,503792.12518620153,2571573.25,1.6944248,18.942469045807087
Adrenal,ST002659,90258,Training,8,Female,453374.61454711686,3227350.0,1.6859513,18.79034408807334
Adrenal,ST002659,90259,Training,8,Female,442599.2189633399,1808838.25,3.8114084,18.75564137971331
Adrenal,ST002659,90266,Control,0,Female,710864.2990573253,4648543.0,1.7075762,19.43921465627565
Adrenal,ST002659,90267,Training,8,Female,530023.2677385602,3568805.5,1.7075855,19.015696169045118
Adrenal,ST002659,90265,Control,0,Female,456981.96328563086,4539834.0,1.6931083,18.801777698818864
Adrenal,ST002659,90280,Training,4,Male,391874.5059973497,1619549.25,3.8226712,18.580032193670473
Adrenal,ST002659,90283,Training,4,Male,543141.8131034079,2944946.0,1.6944815,19.05096940607474
Adrenal,ST002659,90289,Training,4,Male,264179.7450081114,1123608.75,3.8462237,18.011160332026254
Adrenal,ST002659,90292,Training,4,Male,445763.58076673956,1890487.0,3.8065396,18.76591922653579
Adrenal,ST002659,90406,Training,4,Female,332291.92901654256,1497046.875,3.8095271,18.342091726512145
Adrenal,ST002659,90281,Training,4,Male,608296.4091480813,4764196.0,1.685428,19.214414962257536
Adrenal,ST002659,90410,Training,4,Female,1035301.5767667855,4472468.5,1.6988842,19.98161964616108
Adrenal,ST002659,90412,Training,4,Female,587169.9419543509,2915983.0,1.6931742,19.163418590943337
Adrenal,ST002659,90416,Training,4,Female,1008758.3629875248,3532836.75,1.686359,19.944149203363157
Adrenal,ST002659,90420,Training,4,Female,523462.97743186314,2722119.5,1.708177,18.997727978805443
Adrenal,ST002659,90421,Training,1,Male,581359.1486695894,3987596.0,1.6949677,19.14907017322017
Adrenal,ST002659,90423,Training,1,Male,238929.3860395553,942238.3125,3.8200247,17.86622477689717
Adrenal,ST002659,90426,Training,1,Male,604165.2944720838,5799991.5,1.7037772,19.20458378705103
Adrenal,ST002659,90430,Training,1,Male,244306.98695658037,1086750.625,3.8134353,17.898335598391828
Adrenal,ST002659,90439,Training,2,Male,604675.5447469311,3368275.0,1.6994849,19.20580170683165
Adrenal,ST002659,90441,Training,2,Male,942375.7356126988,3998055.0,1.6902916,19.845942867423208
Adrenal,ST002659,90422,Training,1,Male,92548.13078965964,405996.65625,5.0049685,16.4979162315824
Adrenal,ST002659,90444,Training,2,Male,557779.5457119375,5771463.0,1.700792,19.0893355048213
Adrenal,ST002659,90449,Training,2,Male,619344.8822337672,2741305.25,3.822768,19.240383472453896
Adrenal,ST002659,90450,Training,2,Male,561612.2086242329,2343260.5,3.7854341,19.099214772490594
Adrenal,ST002659,90559,Training,1,Female,203561.52751249232,932014.75,3.8188061,17.635105396795144
Adrenal,ST002659,90560,Training,1,Female,589130.5521023995,2583677.283203125,3.8098435,19.168227847032803
Adrenal,ST002659,90564,Training,1,Female,870834.3828339998,7650866.0,1.6980844,19.732038844485718
Adrenal,ST002659,90567,Training,1,Female,223821.20368565217,920473.6875,3.7802493,17.771987190836466
Adrenal,ST002659,90576,Training,2,Female,642289.9787735227,2705182.0,3.8218113,19.29286526163878
Adrenal,ST002659,90571,Training,1,Female,77729.60644538415,932274.4375,1.70401,16.24617659126359
Adrenal,ST002659,90578,Training,2,Female,422741.8387262982,1745977.75,3.8019371,18.68941737728555
Adrenal,ST002659,90581,Training,2,Female,741007.6903622563,3075410.5,3.8063148,19.499128989693855
Adrenal,ST002659,90585,Training,2,Female,811883.9579650707,3473275.75,3.7803298,19.63091401313804
Adrenal,ST002659,90587,Training,2,Female,787969.3072928975,3432515.0,3.7945877,19.58777990985614
Colon,ST002664,90217,Control,0,Male,60024.581844902204,205640.046875,3.5965888,15.873265827653
Colon,ST002664,90218,Training,8,Male,202433.16767931683,1811268.5,1.6987433,17.62708616232571
Colon,ST002664,90232,Control,0,Male,216632.22158004137,2467069.25,1.6997428,17.724888317828288
Colon,ST002664,90227,Training,8,Male,75740.71789620077,189945.21875,3.5703921,16.208781475189266
Colon,ST002664,90229,Control,0,Male,46889.15968450482,103767.78125,3.5755052,15.516966803844676
Colon,ST002664,90222,Training,8,Male,50777.65110957796,149317.9375,1.6941762,15.631906039384399
Colon,ST002664,90223,Training,8,Male,209758.1039079298,1920491.75,1.7013965,17.678367024038415
Colon,ST002664,90225,Training,8,Male,43287.219976091044,94604.875,3.6249699,15.40165352924515
Colon,ST002664,90237,Control,0,Male,37900.14229990542,78126.5859375,3.5641006,15.20991564469997
Colon,ST002664,90239,Control,0,Male,193457.34253887762,2129162.75,1.6966598,17.561655960743906
Colon,ST002664,90245,Control,0,Female,52867.07857111705,173953.515625,3.6072202,15.69008198530344
Colon,ST002664,90248,Control,0,Female,252398.8255596416,2979065.25,1.6996272,17.94534567174926
Colon,ST002664,90251,Training,8,Female,66022.3385632681,181901.53125,3.5500822,16.01066662041037
Colon,ST002664,90252,Control,0,Female,49086.3135967234,115882.203125,3.5647119,15.583033203303192
Colon,ST002664,90254,Training,8,Female,287804.657741845,3316101.25,1.6940943,18.134730414835683
Colon,ST002664,90258,Training,8,Female,47253.13224745856,126132.0625,3.5651089,15.528122343340335
Colon,ST002664,90259,Training,8,Female,280578.71261351166,3264823.75,1.6955045,18.098046030893148
Colon,ST002664,90267,Training,8,Female,52204.5733065668,111581.2265625,3.5356582,15.671888577105083
Colon,ST002664,90265,Control,0,Female,34363.39352365993,90622.921875,3.6263173,15.068584895013206
Colon,ST002664,90266,Control,0,Female,70835.72710480414,135265.328125,3.5639432,16.112189569185436
Colon,ST002664,90280,Training,4,Male,96690.76714260667,121763.5703125,2.3919499,16.561090515026983
Colon,ST002664,90281,Training,4,Male,280676.0994941247,3267248.0,1.6942513,18.098546693223653
Colon,ST002664,90283,Training,4,Male,31034.823718132175,80819.7421875,3.5399473,14.921600330794812
Colon,ST002664,90292,Training,4,Male,191958.74268549864,2346490.0,1.698996,17.550436743096697
Colon,ST002664,90289,Training,4,Male,36556.00981116714,77416.25,3.502441,15.157820984414641
Colon,ST002664,90406,Training,4,Female,34878.81433293557,87901.9296875,3.5077497,15.090063377661195
Colon,ST002664,90410,Training,4,Female,192296.6978478775,2338166.5,1.6991255,17.552974463118808
Colon,ST002664,90412,Training,4,Female,231608.67825912414,2726341.25,1.6870932,17.821329785824577
Colon,ST002664,90416,Training,4,Female,233803.19964523456,2543513.25,1.7004635,17.834935148022062
Colon,ST002664,90421,Training,1,Male,39254.63363318711,76757.0,3.5349683,15.260575339924657
Colon,ST002664,90420,Training,4,Female,29506.190517860137,88813.828125,3.5816336,14.84873004902287
Colon,ST002664,90422,Training,1,Male,51732.90647109732,88153.71875,1.8806026,15.658794627221912
Colon,ST002664,90423,Training,1,Male,45720.138556428945,75239.546875,2.4051238,15.480542155244667
Colon,ST002664,90426,Training,1,Male,257169.4663004529,1954103.875,1.700644,17.972359836263298
Colon,ST002664,90430,Training,1,Male,26911.678571229462,111335.8203125,3.5675617,14.715944759039978
Colon,ST002664,90439,Training,2,Male,340349.95086122316,4884165.0,1.6916752,18.376659375875946
Colon,ST002664,90441,Training,2,Male,31086.007321470635,59888.703125,3.5711422,14.923977708759184
Colon,ST002664,90444,Training,2,Male,39625.86730622206,82039.15625,1.8775374,15.274154891954606
Colon,ST002664,90449,Training,2,Male,54258.626227935594,283416.625,5.0123861,15.727564900091553
Colon,ST002664,90450,Training,2,Male,29091.278537613565,253798.09375,1.7038687,14.828299082633976
Colon,ST002664,90559,Training,1,Female,232414.40784173005,2708492.75,1.7005654,17.826339981550653
Colon,ST002664,90567,Training,1,Female,38802.798802522666,121043.703125,4.8859189,15.243873095696252
Colon,ST002664,90564,Training,1,Female,32555.019857629955,134108.96875,1.6891763,14.990592398065592
Colon,ST002664,90560,Training,1,Female,29827.87750899276,76451.1796875,3.5710654,14.864373701634424
Colon,ST002664,90571,Training,1,Female,35788.66798842687,73112.296875,3.5640674,15.127215228912801
Colon,ST002664,90576,Training,2,Female,44446.45207643383,89454.421875,3.5587995,15.439780640538734
Colon,ST002664,90578,Training,2,Female,67007.72602012566,365876.0,5.0000419,16.032039828079714
Colon,ST002664,90581,Training,2,Female,39681.670802815286,100915.7578125,4.9053824,15.27618515144835
Colon,ST002664,90585,Training,2,Female,30337.18382350882,65565.328125,3.5681031,14.888799547124199
Colon,ST002664,90587,Training,2,Female,24596.69973962114,75285.015625,4.9026101,14.586177134598135
Cortex,ST002640,90218,Training,8,Male,58635.60596841442,227675.9375,3.5999301,15.83948937447586
Cortex,ST002640,90217,Control,0,Male,35098.4469621838,109526.5234375,3.5427084,15.099119575050077
Cortex,ST002640,90222,Training,8,Male,160674.65842813192,1395432.5,5.0368537,17.293782879846574
Cortex,ST002640,90227,Training,8,Male,122676.3242402825,988574.5625,5.0308382,16.904497319224465
Cortex,ST002640,90223,Training,8,Male,268136.8133854225,2498095.75,5.0329301,18.03260977970493
Cortex,ST002640,90225,Training,8,Male,89609.21569689385,810014.3125,1.7084459,16.451359490811246
Cortex,ST002640,90229,Control,0,Male,52375.77866040108,250505.390625,3.5875147,15.676612166784325
Cortex,ST002640,90232,Control,0,Male,94940.08612702819,690412.375,5.0229998,16.534729738090547
Cortex,ST002640,90237,Control,0,Male,106928.13511485003,1412249.0,1.6995769,16.706281981845954
Cortex,ST002640,90239,Control,0,Male,121950.93413862637,935548.5,4.99671,16.895941283591835
Cortex,ST002640,90248,Control,0,Female,33867.88998893784,106740.71875,3.458712,15.047630487511745
Cortex,ST002640,90252,Control,0,Female,50608.05908778542,316102.84375,6.7935845,15.627079524946836
Cortex,ST002640,90251,Training,8,Female,150700.71559467632,1267202.0,5.0230432,17.201326741952773
Cortex,ST002640,90245,Control,0,Female,76548.72364691527,810068.375,1.7007474,16.22409070236116
Cortex,ST002640,90254,Training,8,Female,40634.69405273277,178002.796875,6.7905829,15.31042441149315
Cortex,ST002640,90258,Training,8,Female,68509.25945541667,503506.125,5.0392032,16.064011370069665
Cortex,ST002640,90259,Training,8,Female,45098.270214934426,336120.0625,6.7930126,15.460784478214254
Cortex,ST002640,90265,Control,0,Female,33316.57598937444,153545.28125,6.803254,15.023952519239181
Cortex,ST002640,90267,Training,8,Female,140072.37399232836,1214674.375,5.0116778,17.09581292032451
Cortex,ST002640,90266,Control,0,Female,30860.23282172123,253304.015625,6.8004501,14.913461325757371
Cortex,ST002640,90281,Training,4,Male,48307.28109347672,282030.875,6.8065839,15.559953034568593
Cortex,ST002640,90280,Training,4,Male,272963.47775513853,2721878.75,5.0203244,18.058348407316913
Cortex,ST002640,90283,Training,4,Male,44507.156033423766,192180.90625,3.559427,15.441749696390824
Cortex,ST002640,90289,Training,4,Male,83948.43608366008,705405.9375,5.020333,16.357215828292883
Cortex,ST002640,90406,Training,4,Female,152880.01760302353,1361492.875,5.0297508,17.222040323980682
Cortex,ST002640,90292,Training,4,Male,224581.730929289,2201347.5,5.0209802,17.77688104790236
Cortex,ST002640,90410,Training,4,Female,50456.996735364766,223960.90625,6.7934257,15.622766717374962
Cortex,ST002640,90412,Training,4,Female,109930.92564683022,965531.0625,4.9984362,16.746237775201013
Cortex,ST002640,90416,Training,4,Female,57509.68995397802,272903.6875,5.0464349,15.811517439445613
Cortex,ST002640,90421,Training,1,Male,78198.32352974989,569792.4375,5.0165254,16.254850057910183
Cortex,ST002640,90420,Training,4,Female,134131.19752689046,1165944.375,5.024311,17.033285306628265
Cortex,ST002640,90422,Training,1,Male,48328.2794617532,224854.515625,6.8007817,15.560580013748556
Cortex,ST002640,90423,Training,1,Male,82715.93660199546,438960.34375,5.0393653,16.3358776949395
Cortex,ST002640,90426,Training,1,Male,339481.7076220799,3198055.75,5.022877,18.372974313902706
Cortex,ST002640,90430,Training,1,Male,41143.10688238732,191927.703125,6.792349,15.328363121262827
Cortex,ST002640,90444,Training,2,Male,32516.425282200576,173779.6875,6.7917438,14.988881041909707
Cortex,ST002640,90439,Training,2,Male,107981.82532355371,836003.8125,5.0188651,16.720428983843394
Cortex,ST002640,90441,Training,2,Male,36719.250418324154,237808.65625,6.7991574,15.16424898762567
Cortex,ST002640,90449,Training,2,Male,84585.82927212323,746436.125,4.9991501,16.368128367348096
Cortex,ST002640,90450,Training,2,Male,99531.86027971956,792166.75,5.0354906,16.602870787719226
Cortex,ST002640,90559,Training,1,Female,35724.431819904734,153288.75,3.4788237,15.12462344567462
Cortex,ST002640,90560,Training,1,Female,50972.04871572163,300327.5625,5.0139396,15.637418720091393
Cortex,ST002640,90567,Training,1,Female,32478.163391626847,176296.109375,5.0344766,14.987182431385698
Cortex,ST002640,90564,Training,1,Female,146562.3977051686,2086932.0,1.6850355,17.161155485120364
Cortex,ST002640,90571,Training,1,Female,29884.838210267662,191554.96875,6.7891373,14.867126111910547
Cortex,ST002640,90576,Training,2,Female,481014.7723193075,4329237.5,5.010167,18.87572167534388
Cortex,ST002640,90578,Training,2,Female,29765.38395471155,144404.640625,3.5801151,14.861347883893153
Cortex,ST002640,90581,Training,2,Female,28195.815434621887,185358.5,5.0329422,14.783193446440215
Cortex,ST002640,90587,Training,2,Female,35567.184027637355,303758.34375,5.0099062,15.11825913550156
Cortex,ST002640,90585,Training,2,Female,30452.47378105877,195605.921875,6.7974321,14.894271808558004
Hypothalamus,ST002641,90218,Training,8,Male,34655.90698199448,151224.125,3.5263023,15.08081365535546
Hypothalamus,ST002641,90225,Training,8,Male,34242.61245137992,127479.5625,3.7014941,15.063505152166861
Hypothalamus,ST002641,90232,Control,0,Male,177248.9377208054,2683746.75,1.7000249,17.43541745564198
Hypothalamus,ST002641,90227,Training,8,Male,133526.8554859956,1822267.0,1.6966867,17.026770406461992
Hypothalamus,ST002641,90229,Control,0,Male,168784.7344455488,1931881.125,1.6909493,17.36482490137515
Hypothalamus,ST002641,90245,Control,0,Female,140299.18410961036,1842574.5,1.6983936,17.098147093626686
Hypothalamus,ST002641,90248,Control,0,Female,238475.6296652206,3411834.0,1.7010354,17.86348231610762
Hypothalamus,ST002641,90237,Control,0,Male,32137.223664882396,214167.765625,3.6562883,14.971957679504754
Hypothalamus,ST002641,90251,Training,8,Female,25306.63154680683,109119.3515625,3.6563093,14.627227869055488
Hypothalamus,ST002641,90252,Control,0,Female,28678.737828313395,184839.515625,3.6587323,14.807693910949705
Hypothalamus,ST002641,90258,Training,8,Female,128253.82672043898,1685988.25,1.7008281,16.96864234672713
Hypothalamus,ST002641,90254,Training,8,Female,29943.17153050284,149124.5,3.6219326,14.869939416877727
Hypothalamus,ST002641,90259,Training,8,Female,203468.82831113244,2612800.5,1.7139165,17.63444826310231
Hypothalamus,ST002641,90265,Control,0,Female,24769.298044299954,111702.6484375,3.5961762,14.596265363097102
Hypothalamus,ST002641,90266,Control,0,Female,135919.51970244516,1683961.25,1.6915826,17.05239313404241
Hypothalamus,ST002641,90267,Training,8,Female,151498.5357665586,1917493.5,1.7007483,17.20894432455396
Hypothalamus,ST002641,90283,Training,4,Male,43903.840399866654,221016.3125,3.6281548,15.422059521667997
Hypothalamus,ST002641,90280,Training,4,Male,26959.342489242536,167101.203125,3.6863603,14.718497690643533
Hypothalamus,ST002641,90281,Training,4,Male,24982.154251935586,120819.375,3.5973793,14.608610267807553
Hypothalamus,ST002641,90289,Training,4,Male,58563.58732522013,414079.6875,3.6514083,15.837716308475217
Hypothalamus,ST002641,90406,Training,4,Female,65327.23484067053,375292.8125,5.0443682,15.995396954447248
Hypothalamus,ST002641,90292,Training,4,Male,24068.068675266622,146699.625,8.3489842,14.554832757988157
Hypothalamus,ST002641,90410,Training,4,Female,36369.57088089362,239471.78125,3.6727757,15.150444283301214
Hypothalamus,ST002641,90416,Training,4,Female,275752.1577714131,3325129.0,1.6899035,18.073012649442724
Hypothalamus,ST002641,90412,Training,4,Female,68193.114942123,557986.0,5.030478,16.05733846571563
Hypothalamus,ST002641,90420,Training,4,Female,151139.42833334237,1735226.625,1.6975281,17.2055205455331
Hypothalamus,ST002641,90421,Training,1,Male,21696.386970489068,95480.84375,5.0052698,14.405167194857714
Hypothalamus,ST002641,90422,Training,1,Male,245327.48258885046,3262856.75,1.6852101,17.90434933398965
Hypothalamus,ST002641,90426,Training,1,Male,185481.2875163132,2182566.25,1.6986972,17.500914120748373
Hypothalamus,ST002641,90423,Training,1,Male,34424.6093931606,135170.578125,3.6501257,15.071152664127634
Hypothalamus,ST002641,90439,Training,2,Male,25537.960590759827,148432.234375,3.6469714,14.640355698518244
Hypothalamus,ST002641,90430,Training,1,Male,168075.4942616083,2105047.75,1.698616,17.358749866563006
Hypothalamus,ST002641,90441,Training,2,Male,170369.40246511388,2579956.25,1.7036519,17.378306732092494
Hypothalamus,ST002641,90449,Training,2,Male,167248.7870031719,2149649.0,1.7035939,17.35163622198005
Hypothalamus,ST002641,90559,Training,1,Female,188655.78052138098,2189681.25,1.7016321,17.525396780266068
Hypothalamus,ST002641,90444,Training,2,Male,25473.849264942015,115855.546875,3.6524586,14.636729356273872
Hypothalamus,ST002641,90450,Training,2,Male,31878.4853124647,131518.515625,5.0488562,14.960295461697475
Hypothalamus,ST002641,90560,Training,1,Female,19137.537100082547,85392.515625,3.6931883,14.224117554089835
Hypothalamus,ST002641,90564,Training,1,Female,41899.743864541386,276775.28125,5.0289552,15.354653804226215
Hypothalamus,ST002641,90567,Training,1,Female,24587.88859287776,122368.5546875,4.990934,14.585660232931243
Hypothalamus,ST002641,90571,Training,1,Female,30188.841980139212,164238.5625,5.028617,14.881727796833157
Hypothalamus,ST002641,90576,Training,2,Female,55922.36338731743,272715.5,5.0437634,15.771137712636053
Hypothalamus,ST002641,90581,Training,2,Female,325669.21537307603,4798920.0,1.6945756,18.31304782656963
Hypothalamus,ST002641,90578,Training,2,Female,149679.40777314568,1920499.125,1.7065983,17.191516229921064
Hypothalamus,ST002641,90585,Training,2,Female,22524.297703772943,122695.203125,3.6699422,14.459194503786737
Hypothalamus,ST002641,90587,Training,2,Female,21650.524834162956,91620.7578125,3.6446098,14.40211437754841
Ovaries,ST002667,90251,Training,8,Female,,,,
Ovaries,ST002667,90245,Control,0,Female,51094.29143121865,338773.96875,5.0131177,15.640874492944691
Ovaries,ST002667,90258,Training,8,Female,41501.41423985967,281601.8125,5.0121767,15.340872879432336
Ovaries,ST002667,90252,Control,0,Female,137802.61201838026,1369963.32421875,5.0241328,17.07224370870724
Ovaries,ST002667,90254,Training,8,Female,37447.87156479926,369654.125,1.7064455,15.192596101700179
Ovaries,ST002667,90248,Control,0,Female,60818.266860304466,854535.0,1.6904715,15.892217083986715
Ovaries,ST002667,90259,Training,8,Female,19335.328200357784,123964.8515625,6.7821888,14.238951632669936
Ovaries,ST002667,90266,Control,0,Female,30251.90478976283,348430.78125,1.6862112,14.88473836306822
Ovaries,ST002667,90410,Training,4,Female,79913.50391083575,899791.71484375,5.0225375,16.28615169220271
Ovaries,ST002667,90265,Control,0,Female,35914.297784966955,202859.671875,6.8004784,15.132270687022924
Ovaries,ST002667,90267,Training,8,Female,196143.70761092933,1639553.75,5.0047881,17.581551528209612
Ovaries,ST002667,90406,Training,4,Female,141168.22917290367,1384401.8046875,5.0178725,17.107055911685343
Ovaries,ST002667,90412,Training,4,Female,42336.80399103439,300741.96484375,5.0192815,15.369624743833112
Ovaries,ST002667,90416,Training,4,Female,20584.53967157544,157465.953125,6.7843413,14.329273565835011
Ovaries,ST002667,90420,Training,4,Female,56022.397430568126,656496.25,1.6867235,15.773716103182917
Ovaries,ST002667,90560,Training,1,Female,72022.81321339458,619608.875,5.0187491,16.1361663318928
Ovaries,ST002667,90559,Training,1,Female,60686.34618181012,422055.625,5.0225629,15.889084340650095
Ovaries,ST002667,90564,Training,1,Female,25291.369087197698,224858.515625,6.792311,14.626357515477016
Ovaries,ST002667,90567,Training,1,Female,24083.177474788117,109540.9453125,6.7725033,14.55573812981554
Ovaries,ST002667,90571,Training,1,Female,95137.99590118483,911961.875,5.0276931,16.537734014542114
Ovaries,ST002667,90576,Training,2,Female,112595.00071499734,1032666.5,5.029646,16.780783246759064
Ovaries,ST002667,90578,Training,2,Female,70463.79514439686,530741.375,5.0218842,16.10459455930074
Ovaries,ST002667,90581,Training,2,Female,136982.96535497796,1197404.625,5.0195585,17.063636971083152
Ovaries,ST002667,90585,Training,2,Female,30984.244545574802,175776.171875,6.7830856,14.919247172656792
Ovaries,ST002667,90587,Training,2,Female,27446.745709313564,187544.0625,1.9555972,14.744347482245933
Small Intestine,ST002674,90217,Control,0,Male,283769.08943742164,1345782.0,1.6915223,18.114357921678604
Small Intestine,ST002674,90218,Training,8,Male,257209.7627931429,1374031.0,1.6975238,17.972585877856737
Small Intestine,ST002674,90222,Training,8,Male,252848.14851766464,1535793.25,1.7101854,17.947911688796164
Small Intestine,ST002674,90227,Training,8,Male,288243.14457906317,2739938.0,1.690524,18.13692677043389
Small Intestine,ST002674,90225,Training,8,Male,139770.98317068713,976126.5625,1.6902719,17.09270535889245
Small Intestine,ST002674,90232,Control,0,Male,186172.48716827747,993484.625,3.6372981,17.50628035958562
Small Intestine,ST002674,90223,Training,8,Male,94908.72410633341,709505.625,3.5932858,16.53425308688494
Small Intestine,ST002674,90229,Control,0,Male,74447.37020581082,421765.25,3.6723361,16.18393326720109
Small Intestine,ST002674,90237,Control,0,Male,252545.88195936545,2474458.75,1.707965,17.946185991655387
Small Intestine,ST002674,90239,Control,0,Male,66512.39337334513,355458.0,3.6165276,16.021335565161298
Small Intestine,ST002674,90248,Control,0,Female,236858.7222046081,1695181.375,1.7114443,17.85366727386146
Small Intestine,ST002674,90245,Control,0,Female,156853.03518618253,712397.0,3.607349,17.25905392077285
Small Intestine,ST002674,90251,Training,8,Female,75749.07318335955,409293.09375,3.6323628,16.208940616360106
Small Intestine,ST002674,90252,Control,0,Female,95944.78413891893,543600.625,3.6798018,16.5499167586491
Small Intestine,ST002674,90254,Training,8,Female,53146.24419836668,306920.21875,3.6502802,15.69768012082895
Small Intestine,ST002674,90258,Training,8,Female,184508.32002481408,762463.6875,1.6860094,17.493326347567493
Small Intestine,ST002674,90266,Control,0,Female,238180.12990239295,1064136.0,3.6463838,17.861693536308056
Small Intestine,ST002674,90265,Control,0,Female,245477.77840638426,1174525.875,1.6989659,17.90523290657793
Small Intestine,ST002674,90267,Training,8,Female,228103.43321366803,2434992.0,1.7033792,17.799328635436087
Small Intestine,ST002674,90259,Training,8,Female,257793.97946690756,1782032.25,1.7035285,17.975859045759886
Small Intestine,ST002674,90280,Training,4,Male,147970.01660697663,885163.25,3.6750716,17.174945344380678
Small Intestine,ST002674,90281,Training,4,Male,248603.58541545356,2157925.75,1.6960343,17.923487577841666
Small Intestine,ST002674,90406,Training,4,Female,208346.8003480908,1234092.0,1.7074774,17.668627418694275
Small Intestine,ST002674,90283,Training,4,Male,51400.55073089917,263477.96875,3.6696397,15.649496196798964
Small Intestine,ST002674,90289,Training,4,Male,278718.84736803744,3152046.25,1.7122491,18.088451037284106
Small Intestine,ST002674,90292,Training,4,Male,206802.1224325654,1776163.875,1.6946559,17.657891466700992
Small Intestine,ST002674,90410,Training,4,Female,78819.91643366848,407688.25,3.5959441,16.266272599454073
Small Intestine,ST002674,90412,Training,4,Female,66465.00473830913,342892.71875,3.6741216,16.02030730994461
Small Intestine,ST002674,90416,Training,4,Female,199538.93235673787,1401022.75,1.7020802,17.606310734860237
Small Intestine,ST002674,90420,Training,4,Female,243511.6020013844,1819133.25,1.7170254,17.893630984942025
Small Intestine,ST002674,90421,Training,1,Male,307740.0808731003,2826349.0,1.7126919,18.231352830721487
Small Intestine,ST002674,90422,Training,1,Male,134665.56447108157,773373.75,3.5770896,17.039021458732734
Small Intestine,ST002674,90423,Training,1,Male,321125.90604587103,2892311.75,1.7075113,18.292779530083855
Small Intestine,ST002674,90426,Training,1,Male,128676.45693603565,836015.8125,3.6390559,16.97338859195304
Small Intestine,ST002674,90430,Training,1,Male,68056.60094799714,464331.40625,3.6419347,16.054447477988354
Small Intestine,ST002674,90439,Training,2,Male,110223.81080862279,526342.5,3.6254946,16.75007638641195
Small Intestine,ST002674,90441,Training,2,Male,106213.57848872016,618633.0625,3.6771494,16.696608688470633
Small Intestine,ST002674,90444,Training,2,Male,220159.51505505518,2291612.25,1.6918227,17.74818967177134
Small Intestine,ST002674,90449,Training,2,Male,99122.20266251681,521164.0625,3.5640307,16.596920626501145
Small Intestine,ST002674,90450,Training,2,Male,250597.80157454792,2181309.0,1.6947492,17.93501423278609
Small Intestine,ST002674,90559,Training,1,Female,344954.5224262623,1845260.875,1.6933325,18.39604664909624
Small Intestine,ST002674,90560,Training,1,Female,209392.3231240174,1007731.9375,3.624376,17.675849024661915
Small Intestine,ST002674,90564,Training,1,Female,301949.3544283427,1921147.5,1.7011189,18.203947062919706
Small Intestine,ST002674,90567,Training,1,Female,231059.0140202187,1685075.625,1.6940086,17.817901847120662
Small Intestine,ST002674,90571,Training,1,Female,54304.931932760286,297659.84375,3.6587906,15.728795607999409
Small Intestine,ST002674,90576,Training,2,Female,124636.29918301843,661317.6875,3.5952697,16.92736477574129
Small Intestine,ST002674,90578,Training,2,Female,261976.2818171481,1417696.75,1.6850857,17.99907667683423
Small Intestine,ST002674,90581,Training,2,Female,190053.6673175804,1698817.5,1.6826319,17.536047338467736
Small Intestine,ST002674,90585,Training,2,Female,252407.132350099,2044816.0,1.6856911,17.945393152034356
Small Intestine,ST002674,90587,Training,2,Female,82461.0810812284,430827.96875,3.6452751,16.331425754919294
Spleen,ST002665,90217,Control,0,Male,86314.25001996338,598762.0625,3.6364369,16.39731113983429
Spleen,ST002665,90218,Training,8,Male,22850.766744178916,99079.4453125,5.0293648,14.479954954437423
Spleen,ST002665,90223,Training,8,Male,12978.752897734179,50482.36328125,4.971474,13.66386414388097
Spleen,ST002665,90225,Training,8,Male,16557.552405055896,92874.6953125,5.0029454,14.015201803952673
Spleen,ST002665,90227,Training,8,Male,27413.047975417347,118027.203125,3.666231,14.742575125609854
Spleen,ST002665,90229,Control,0,Male,27393.55947051085,160800.859375,3.6768333,14.7415491190067
Spleen,ST002665,90222,Training,8,Male,19840.575316665017,125251.125,3.6713085,14.276166239672706
Spleen,ST002665,90232,Control,0,Male,18679.46741074221,91444.0546875,3.6874094,14.18916570104056
Spleen,ST002665,90237,Control,0,Male,13435.777695903758,75267.21875,5.0308786,13.713792210059562
Spleen,ST002665,90239,Control,0,Male,10926.149591551835,71745.3203125,1.9272495,13.415497459987268
Spleen,ST002665,90245,Control,0,Female,28750.653606640823,187947.375,3.645249,14.811307133670494
Spleen,ST002665,90248,Control,0,Female,17469.28739673042,73059.59375,1.9513712,14.092533138910518
Spleen,ST002665,90251,Training,8,Female,22287.774101580308,125602.90625,3.604388,14.44396492019541
Spleen,ST002665,90252,Control,0,Female,33174.4332266113,177811.984375,3.6594624,15.017784197423982
Spleen,ST002665,90254,Training,8,Female,14081.188561444465,67716.203125,3.6632553,13.781481493306716
Spleen,ST002665,90258,Training,8,Female,22676.778480576377,138525.984375,4.995731,14.468928081548695
Spleen,ST002665,90259,Training,8,Female,16025.701983770976,73254.5703125,3.6987258,13.968099933043938
Spleen,ST002665,90267,Training,8,Female,25001.204725893393,139449.703125,3.6792481,14.609709994844646
Spleen,ST002665,90265,Control,0,Female,26973.812760263838,97280.71875,5.0265045,14.719271841113576
Spleen,ST002665,90266,Control,0,Female,24584.41960270031,101283.609375,3.6126733,14.585456675477145
Spleen,ST002665,90280,Training,4,Male,13953.645014928696,59428.0234375,3.6684279,13.768354416160323
Spleen,ST002665,90281,Training,4,Male,12208.703149294259,48299.171875,3.6035436,13.575622339952705
Spleen,ST002665,90283,Training,4,Male,15036.648128566458,59479.83984375,3.6508932,13.876195386243902
Spleen,ST002665,90406,Training,4,Female,9659.995676350252,41470.59375,3.6086851,13.23780682799752
Spleen,ST002665,90292,Training,4,Male,12384.556775203482,69677.3125,3.6664626,13.596254617156086
Spleen,ST002665,90289,Training,4,Male,12502.468811236608,54080.22265625,2.294907,13.609925385640294
Spleen,ST002665,90410,Training,4,Female,27686.727644225255,122353.6640625,2.2990179,14.756906928002191
Spleen,ST002665,90412,Training,4,Female,20834.82188345457,93850.3671875,5.0263185,14.346709146066743
Spleen,ST002665,90420,Training,4,Female,17123.38617522705,100432.7734375,3.661459,14.063680404603124
Spleen,ST002665,90416,Training,4,Female,10465.552582182188,65062.9140625,3.68951,13.353360867590968
Spleen,ST002665,90421,Training,1,Male,12416.934419011872,74758.9140625,3.6709203,13.600021414267449
Spleen,ST002665,90422,Training,1,Male,9837.570558283809,70927.140625,1.954129,13.264086362801509
Spleen,ST002665,90423,Training,1,Male,9708.398638552067,54720.91015625,3.6746584,13.245017633164997
Spleen,ST002665,90426,Training,1,Male,10289.058349362653,64950.49609375,1.9609381,13.328823332931163
Spleen,ST002665,90441,Training,2,Male,18947.06307073495,82998.4296875,2.3075901,14.209686617304184
Spleen,ST002665,90444,Training,2,Male,11088.567445081002,44990.89453125,2.2673262,13.43678537233718
Spleen,ST002665,90430,Training,1,Male,15202.80596346959,92138.71875,5.0536534,13.892050004269526
Spleen,ST002665,90439,Training,2,Male,20248.641523788192,168207.96875,4.9686359,14.305537500749875
Spleen,ST002665,90449,Training,2,Male,13720.114199660318,58808.56640625,5.021649,13.744004869412795
Spleen,ST002665,90450,Training,2,Male,17128.551924876163,97996.96875,4.9868687,14.064115568384862
Spleen,ST002665,90559,Training,1,Female,18468.70998428134,102531.7265625,3.6730532,14.172795478989661
Spleen,ST002665,90560,Training,1,Female,17118.965257131847,66952.4375,3.6453544,14.063307881316565
Spleen,ST002665,90564,Training,1,Female,14100.256109774251,82784.5859375,3.6915183,13.78343374677959
Spleen,ST002665,90567,Training,1,Female,40766.78279164613,401564.15625,1.7244404,15.315106487131898
Spleen,ST002665,90571,Training,1,Female,9073.828436859345,55601.4921875,3.6670433,13.147495666895143
Spleen,ST002665,90576,Training,2,Female,20796.000252563277,119265.7421875,3.5870488,14.34401845740257
Spleen,ST002665,90578,Training,2,Female,43432.28324026764,641325.125,1.7050038,15.406480176983813
Spleen,ST002665,90581,Training,2,Female,10619.841204129645,55637.28125,1.9574466,13.374474573589119
Spleen,ST002665,90585,Training,2,Female,11238.305972074471,57214.125,6.0987315,13.456136964051705
Spleen,ST002665,90587,Training,2,Female,22274.89073110218,249675.5,1.7137395,14.44313073421096
Testes,ST002666,90217,Control,0,Male,9201.456749428473,37493.37109375,3.6089745,13.167646567440883
Testes,ST002666,90218,Training,8,Male,76411.82377401914,755459.0,5.0401203,16.221508274097253
Testes,ST002666,90223,Training,8,Male,129827.50694915152,1610008.125,1.7070813,16.9862365583504
Testes,ST002666,90227,Training,8,Male,10653.508503111201,48975.72265625,3.5713388,13.379041008729871
Testes,ST002666,90222,Training,8,Male,125625.14803811032,1775965.0,1.7052475,16.938765770817707
Testes,ST002666,90225,Training,8,Male,158038.59358686165,1898358.0,1.7190297,17.269917387126178
Testes,ST002666,90229,Control,0,Male,172584.66327560454,2131164.25,1.709105,17.396944739652856
Testes,ST002666,90232,Control,0,Male,150071.31519375855,2023507.0,1.7012654,17.195288719333455
Testes,ST002666,90237,Control,0,Male,65292.67497499596,626176.0,5.0217702,15.994633527982533
Testes,ST002666,90280,Training,4,Male,131204.70534500416,1818438.625,1.6886821,17.001459934150258
Testes,ST002666,90239,Control,0,Male,89878.6694676257,1083781.0,1.7046616,16.455691147072763
Testes,ST002666,90281,Training,4,Male,7023.939025129503,30717.732421875,3.6464791,12.778064605542603
Testes,ST002666,90283,Training,4,Male,7573.337278730798,30080.087890625,3.5475605,12.886713465255907
Testes,ST002666,90289,Training,4,Male,7842.481007782769,33275.609375,3.5522725,12.937094414945719
Testes,ST002666,90292,Training,4,Male,7769.971699520085,63800.05078125,8.2329196,12.923693628592835
Testes,ST002666,90421,Training,1,Male,7904.204815122733,32713.38671875,3.6769793,12.948404615432539
Testes,ST002666,90422,Training,1,Male,6541.199117339463,27611.185546875,3.5334873,12.675339416113767
Testes,ST002666,90423,Training,1,Male,46357.17776573559,445998.4375,5.0334929,15.50050511700437
Testes,ST002666,90426,Training,1,Male,38281.04977316433,325342.21875,5.0443399,15.224342772638073
Testes,ST002666,90430,Training,1,Male,6428.54800906697,28037.44921875,3.6049615,12.65027720313746
Testes,ST002666,90439,Training,2,Male,7024.233562221449,41161.22265625,7.8541966,12.778125101268909
Testes,ST002666,90441,Training,2,Male,7276.652800928203,31975.99609375,3.5161203,12.82905926008904
Testes,ST002666,90444,Training,2,Male,5111.595931925839,38067.1015625,2.0131923,12.319558081422946
Testes,ST002666,90450,Training,2,Male,201523.93612353058,2939299.25,1.6924202,17.62059168031573
Testes,ST002666,90449,Training,2,Male,7915.500824320041,38888.36328125,0.30611048,12.950464919156504
Vastus Lateralis,ST002648,90217,Control,0,Male,9126.611863151777,57896.09375,8.9880409,13.155863662349248
Vastus Lateralis,ST002648,90218,Training,8,Male,5593.890851446191,23117.974609375,3.673909,12.449636388741913
Vastus Lateralis,ST002648,90222,Training,8,Male,6687.10909156695,24477.51953125,3.6541317,12.707166937883235
Vastus Lateralis,ST002648,90223,Training,8,Male,6939.191741641567,23107.70703125,3.6390117,12.760551916019917
Vastus Lateralis,ST002648,90225,Training,8,Male,13396.986790080773,481172.46875,1.7074856,13.709620930094875
Vastus Lateralis,ST002648,90229,Control,0,Male,19277.98923603835,350073.0625,1.6860148,14.234666960656806
Vastus Lateralis,ST002648,90232,Control,0,Male,5206.2412892670645,21703.7734375,3.7141361,12.346026461321934
Vastus Lateralis,ST002648,90227,Training,8,Male,52864.685236908444,858945.875,1.7043097,15.690016671886351
Vastus Lateralis,ST002648,90237,Control,0,Male,13289.740583618237,310983.78125,1.6984871,13.69802532296111
Vastus Lateralis,ST002648,90239,Control,0,Male,5919.921577950274,23618.095703125,3.6713523,12.53136234905489
Vastus Lateralis,ST002648,90248,Control,0,Female,47339.64794125904,647202.8125,1.7169114,15.530761356528433
Vastus Lateralis,ST002648,90245,Control,0,Female,53604.058274739175,720269.375,1.6884056,15.710054608426612
Vastus Lateralis,ST002648,90252,Control,0,Female,6982.995155907746,24821.74609375,3.6245664,12.76963025658941
Vastus Lateralis,ST002648,90251,Training,8,Female,21984.667800539984,468390.125,1.6839436,14.424210112412291
Vastus Lateralis,ST002648,90254,Training,8,Female,6031.775711174603,33075.03125,2.0113976,12.558367068309755
Vastus Lateralis,ST002648,90258,Training,8,Female,28728.01811126036,397313.6875,1.6955885,14.81017084719603
Vastus Lateralis,ST002648,90259,Training,8,Female,24571.729206947246,434434.75,1.7044141,14.58471176881257
Vastus Lateralis,ST002648,90265,Control,0,Female,37356.959033113904,510501.90625,1.6971473,15.189089399736043
Vastus Lateralis,ST002648,90267,Training,8,Female,17660.496096406103,430995.375,1.7072351,14.108238249476502
Vastus Lateralis,ST002648,90266,Control,0,Female,32020.011653045924,423070.5625,1.7085931,14.966686212443859
Vastus Lateralis,ST002648,90280,Training,4,Male,21783.07124641406,406146.5,1.6892937,14.410919756909903
Vastus Lateralis,ST002648,90281,Training,4,Male,5074.259783321178,27643.927734375,8.2571895,12.30898166660141
Vastus Lateralis,ST002648,90283,Training,4,Male,23509.240849433558,424368.21875,1.6971966,14.520940332388085
Vastus Lateralis,ST002648,90289,Training,4,Male,4398.693325968123,26896.4375,8.2568544,12.10285930565829
Vastus Lateralis,ST002648,90406,Training,4,Female,4550.800327986588,21375.23046875,3.8059151,12.15190457232106
Vastus Lateralis,ST002648,90292,Training,4,Male,3973.0770248062026,17298.05078125,3.5731487,11.956041047438406
Vastus Lateralis,ST002648,90410,Training,4,Female,18065.61101103386,301582.25,1.6849011,14.14095842965229
Vastus Lateralis,ST002648,90412,Training,4,Female,25971.046387162532,497380.6875,1.6943488,14.664616521681218
Vastus Lateralis,ST002648,90416,Training,4,Female,66337.43524062993,937430.875,1.6838643,16.017535614811475
Vastus Lateralis,ST002648,90420,Training,4,Female,5158.6047747088605,20098.09765625,3.5065566,12.332765203645508
Vastus Lateralis,ST002648,90421,Training,1,Male,5094.7483941957125,22405.29296875,3.5876294,12.31479518484922
Vastus Lateralis,ST002648,90422,Training,1,Male,4798.043949824481,20030.18359375,3.6235888,12.228230657362928
Vastus Lateralis,ST002648,90423,Training,1,Male,5460.085871449555,20413.48828125,3.7303199,12.414707925429969
Vastus Lateralis,ST002648,90426,Training,1,Male,5151.226728979007,64141.54296875,2.0095606,12.330700325708523
Vastus Lateralis,ST002648,90430,Training,1,Male,5480.14902509356,20597.09765625,3.5460452,12.419999410482951
Vastus Lateralis,ST002648,90439,Training,2,Male,88913.65282129492,1160736.875,1.6984275,16.440117343545534
Vastus Lateralis,ST002648,90441,Training,2,Male,51817.132763402966,756158.1875,1.7250289,15.661141567540191
Vastus Lateralis,ST002648,90444,Training,2,Male,15436.343576535768,466990.78125,1.6880206,13.914043439881498
Vastus Lateralis,ST002648,90449,Training,2,Male,5046.319992323639,39893.12109375,1.9680601,12.301015976648364
Vastus Lateralis,ST002648,90450,Training,2,Male,21500.96450830324,434733.21875,1.7204058,14.392113758440239
Vastus Lateralis,ST002648,90559,Training,1,Female,31406.684885856524,346195.255859375,5.042439,14.938784047749662
Vastus Lateralis,ST002648,90560,Training,1,Female,28409.643140636508,408746.03125,1.7250124,14.794093089201947
Vastus Lateralis,ST002648,90564,Training,1,Female,4723.556175444715,67537.6875,8.9396563,12.205657700378234
Vastus Lateralis,ST002648,90567,Training,1,Female,5644.80460098461,23074.9765625,3.6099972,12.462707926586926
Vastus Lateralis,ST002648,90571,Training,1,Female,13508.70628640836,151392.6875,4.9967048,13.72160189554885
Vastus Lateralis,ST002648,90576,Training,2,Female,55582.46268056373,888121.3125,1.7191978,15.762342136691858
Vastus Lateralis,ST002648,90578,Training,2,Female,4622.552474095675,22827.609375,3.6422982,12.174473981509063
Vastus Lateralis,ST002648,90581,Training,2,Female,19829.386598687386,399477.875,1.7083066,14.275352429545904
Vastus Lateralis,ST002648,90585,Training,2,Female,6080.839465593841,43401.78515625,1.9795415,12.570054787483766
Vastus Lateralis,ST002648,90587,Training,2,Female,33648.16627492747,544510.25,1.6847208,15.038240263934721
Vena Cava,ST002695,90218,Training,8,Male,56076.78644530542,870308.4375,1.6847596,15.775116055712177
Vena Cava,ST002695,90217,Control,0,Male,7212.5492945102105,20229.318359375,3.4950629,12.81629355862158
Vena Cava,ST002695,90222,Training,8,Male,5358.838845549122,46668.91015625,8.2933206,12.387704715709807
Vena Cava,ST002695,90223,Training,8,Male,5349.519075264341,55229.76953125,1.9846738,12.385193482920172
Vena Cava,ST002695,90225,Training,8,Male,36254.679799320176,885728.3125,1.7084655,15.145879611573719
Vena Cava,ST002695,90229,Control,0,Male,13233.556252831015,347464.09375,1.7232098,13.691913188625627
Vena Cava,ST002695,90227,Training,8,Male,7061.861384553984,25533.77734375,2.0161676,12.785832787750648
Vena Cava,ST002695,90237,Control,0,Male,8416.179969080491,127925.5703125,1.6896743,13.038949839782306
Vena Cava,ST002695,90239,Control,0,Male,5468.811481138283,13489.041015625,3.823996,12.417011615563624
Vena Cava,ST002695,90248,Control,0,Female,10877.47874000459,151404.484375,1.7278577,13.40905657668807
Vena Cava,ST002695,90251,Training,8,Female,6489.27047801556,19183.078125,6.0170523,12.663840584626627
Vena Cava,ST002695,90252,Control,0,Female,35757.89831802382,596527.3125,1.6985499,15.125974323697394
Vena Cava,ST002695,90254,Training,8,Female,9004.055246118402,65237.75390625,2.0013403,13.136359193415121
Vena Cava,ST002695,90259,Training,8,Female,9114.995658830398,43010.63671875,2.0025606,13.154026253818943
Vena Cava,ST002695,90265,Control,0,Female,7173.35906641472,23008.779296875,2.0427494,12.808433132130215
Vena Cava,ST002695,90266,Control,0,Female,11938.03281085279,172473.546875,1.6916279,13.543277503602221
Vena Cava,ST002695,90267,Training,8,Female,6575.053250724595,113530.4375,1.7099027,12.682786863362875
Vena Cava,ST002695,90280,Training,4,Male,6053.879208492051,42214.9296875,1.9968479,12.563644174388461
Vena Cava,ST002695,90283,Training,4,Male,4867.817882712627,12188.82421875,2.0352762,12.249059478880087
Vena Cava,ST002695,90281,Training,4,Male,5608.023045049545,16059.3447265625,2.0293033,12.45327656248965
Vena Cava,ST002695,90289,Training,4,Male,4184.8756103746755,15879.1513671875,6.604402,12.030969025965158
Vena Cava,ST002695,90292,Training,4,Male,10017.557683394392,260406.65625,1.6998703,13.290243196710966
Vena Cava,ST002695,90406,Training,4,Female,7569.762357026408,143662.859375,1.7143701,12.88603229402487
Vena Cava,ST002695,90410,Training,4,Female,11983.868482184356,410988.4375,1.7094751,13.548806075586457
